date,split,obs_tp,raw_sim_tp,sim_tp,crop_input,impervious_input,crop_release,impervious_release,abs_error
2023-01-01,train,0.042,0.012938485,0.012938485,0.09970455,0.033575144,0.010004588,0.0029338964,0.029061515450477603
2023-01-02,train,0.037,0.015116929,0.01454629,0.10138633,0.03457753,0.010682663,0.004434266,0.022453709959983824
2023-01-03,train,0.086,0.025478126,0.022614555,0.15333806,0.06367085,0.017169766,0.00830836,0.06338544456660747
2023-01-04,train,0.06,0.020843988,0.021307785,0.10739995,0.03895846,0.012430129,0.00841386,0.03869221493601799
2023-01-05,train,0.046,0.021777563,0.021654507,0.10286946,0.036924843,0.012235932,0.009541632,0.024345492854714393
2023-01-06,train,0.045,0.02256041,0.022323111,0.09871278,0.035053015,0.012042843,0.010517566,0.022676888927817343
2023-01-07,train,0.043,0.023520865,0.023207117,0.097094506,0.034316726,0.012082402,0.011438463,0.019792883127927777
2023-01-08,train,0.05,0.034177896,0.031304125,0.15529998,0.070883326,0.018122854,0.016055042,0.01869587525725365
2023-01-09,train,0.14,0.1776425,0.13930947,0.48091772,1.3743116,0.07952495,0.098117545,0.0006905341148376598
2023-01-10,train,0.084,0.054303426,0.076570585,0.12538347,0.10750781,0.014783011,0.039520416,0.0074294146299362235
2023-01-11,train,0.071,0.05822365,0.06302959,0.11857378,0.09282608,0.013994248,0.044229403,0.007970412731170648
2023-01-12,train,0.075,0.091135606,0.0837733,0.2446612,0.30499554,0.028470023,0.06266558,0.00877330005168915
2023-01-13,train,0.093,0.096005246,0.09280112,0.27887744,0.39752126,0.03517335,0.0608319,0.0001988835930824273
2023-01-14,train,0.068,0.06421501,0.071703084,0.12622559,0.10678415,0.015303254,0.048911758,0.0037030838131904553
2023-01-15,train,0.072,0.06705662,0.06827375,0.1141574,0.08356981,0.014137748,0.05291887,0.003726247072219843
2023-01-16,train,0.064,0.07477994,0.07307566,0.13331011,0.099629834,0.015739761,0.059040185,0.009075659573078154
2023-01-17,train,0.068,0.07149133,0.07190634,0.113168605,0.07035894,0.014185496,0.05730583,0.003906343102455134
2023-01-18,train,0.069,0.07338014,0.07299408,0.11272579,0.064268254,0.014185886,0.059194256,0.003994083166122431
2023-01-19,train,0.068,0.07358676,0.073431514,0.101980925,0.052509997,0.013264682,0.06032208,0.0054315142035484265
2023-01-20,train,0.064,0.073573425,0.073536254,0.09801621,0.04665895,0.012929901,0.060643528,0.009536254465579985
2023-01-21,train,0.066,0.07348797,0.07350062,0.09953354,0.044778176,0.0130323665,0.060455598,0.007500618338584897
2023-01-22,train,0.073,0.07323343,0.073303424,0.10294228,0.044259593,0.013283139,0.059950296,0.0003034238219261215
2023-01-23,train,0.081,0.072577104,0.07276736,0.10464918,0.043015633,0.013397567,0.05917954,0.008232638001441958
2023-01-24,train,0.063,0.071332335,0.07170824,0.10272354,0.040142953,0.013222141,0.058110196,0.008708239614963531
2023-01-25,train,0.077,0.07034728,0.07070378,0.10548675,0.03983421,0.01339981,0.056947466,0.00629621785879135
2023-01-26,train,0.086,0.069196686,0.06959147,0.10732894,0.039177537,0.013508861,0.055687822,0.016408529937267297
2023-01-27,train,0.091,0.067720346,0.06821048,0.10669687,0.037487928,0.013430842,0.0542895,0.022789517402648923
2023-01-28,train,0.079,0.06631915,0.06681459,0.1074689,0.036551796,0.0134515315,0.05286762,0.012185413479804993
2023-01-29,train,0.065,0.06475212,0.06529238,0.10694299,0.03513964,0.013376675,0.051375445,0.00029238075017928855
2023-01-30,train,0.07,0.0640846,0.06440097,0.114556395,0.037195873,0.013886134,0.05019846,0.0055990290641784735
2023-01-31,train,0.066,0.064465955,0.06444894,0.12945366,0.042179707,0.014979857,0.0494861,0.0015510622262954743
2023-02-01,train,0.066,0.06329133,0.063594565,0.13004068,0.03962043,0.014798589,0.048492745,0.0024054352045059235
2023-02-02,train,0.07,0.061767183,0.062245864,0.12684736,0.037227172,0.014606756,0.047160428,0.00775413557887078
2023-02-03,train,0.077,0.061715573,0.06185448,0.13647653,0.039792214,0.015319165,0.04639641,0.01514551830291748
2023-02-04,train,0.077,0.084191225,0.078340165,0.23929708,0.11062201,0.022044322,0.062146906,0.0013401653170585642
2023-02-05,train,0.123,0.16894385,0.14521042,0.4040764,0.54105014,0.043908533,0.12503532,0.02221041512489319
2023-02-06,train,0.079,0.0668256,0.08735834,0.16030154,0.10643832,0.016172342,0.050653253,0.008358340620994567
2023-02-07,train,0.084,0.08129119,0.08288047,0.21440104,0.17189474,0.020418165,0.060873028,0.0011195328235626273
2023-02-08,train,0.069,0.060742654,0.06654161,0.1339282,0.07437618,0.014689548,0.046053104,0.0024583878517150937
2023-02-09,train,0.068,0.06733282,0.06712557,0.15258324,0.08577553,0.0157256,0.05160722,0.0008744336962699939
2023-02-10,train,0.098,0.09911318,0.090734094,0.27319592,0.23429029,0.026611732,0.07250145,0.007265905618667606
2023-02-11,train,0.09,0.08136262,0.08381746,0.22734706,0.17015184,0.022245135,0.05911749,0.006182540357112881
2023-02-12,train,0.066,0.06938729,0.07316724,0.17152785,0.102004014,0.017398696,0.05198859,0.00716724210977554
2023-02-13,train,0.089,0.073604085,0.07348966,0.17745557,0.103797585,0.017627662,0.055976424,0.01551034146547317
2023-02-14,train,0.064,0.0617543,0.06482836,0.122559644,0.050810292,0.014385777,0.047368526,0.0008283585906028734
2023-02-15,train,0.067,0.06339483,0.06377034,0.12030364,0.043362435,0.014282637,0.049112193,0.0032296611070632975
2023-02-16,train,0.076,0.06455582,0.06435007,0.12116604,0.038786113,0.014367948,0.05018787,0.011649931430816649
2023-02-17,train,0.057,0.06552129,0.0652145,0.12667698,0.03685619,0.014732263,0.050789032,0.008214499831199644
2023-02-18,train,0.055,0.06535263,0.06531645,0.1252412,0.03286164,0.014696993,0.050655644,0.010316453576087951
2023-02-19,train,0.058,0.06454243,0.06474518,0.12212719,0.029006148,0.014565187,0.04997724,0.006745180308818814
2023-02-20,train,0.054,0.063711636,0.063982375,0.122944914,0.026890436,0.014646722,0.049064912,0.009982374966144562
2023-02-21,train,0.061,0.062717006,0.06304847,0.12469863,0.025329411,0.014782681,0.047934324,0.002048467040061952
2023-02-22,train,0.059,0.06152022,0.06192054,0.12613979,0.023895692,0.014908405,0.046611812,0.0029205385446548493
2023-02-23,train,0.055,0.06165291,0.061723016,0.14188325,0.026059387,0.015846744,0.045806166,0.006723016202449798
2023-02-24,train,0.064,0.05887405,0.059620332,0.12787864,0.021262776,0.015184699,0.04368935,0.004379668027162553
2023-02-25,train,0.055,0.059202373,0.05931186,0.14682432,0.023992168,0.016297374,0.042905,0.004311859309673309
2023-02-26,train,0.062,0.05904374,0.059113976,0.15869536,0.025040427,0.017145205,0.041898534,0.0028860243856906886
2023-02-27,train,0.062,0.060458265,0.060106136,0.3092828,0.019346386,0.021082046,0.039376218,0.0018938640952110286
2023-02-28,train,0.055,0.0598814,0.05994027,0.3115506,0.018766526,0.022021871,0.03785953,0.004940271079540252
2023-03-01,train,0.05,0.068047605,0.06592391,0.40127343,0.033103384,0.025808314,0.04223929,0.015923906862735746
2023-03-02,train,0.054,0.067540355,0.06711693,0.4000501,0.030828377,0.026713135,0.040827222,0.013116931080818177
2023-03-03,train,0.064,0.06810587,0.06784682,0.4021906,0.030589664,0.028006852,0.040099017,0.003846819758415221
2023-03-04,train,0.057,0.0673735,0.06749749,0.40124547,0.028460136,0.029028228,0.03834527,0.01049749183654785
2023-03-05,train,0.058,0.06673826,0.06693714,0.3996484,0.026532786,0.029817443,0.03692082,0.008937141120433804
2023-03-06,train,0.064,0.066647716,0.06672353,0.40068087,0.025486123,0.030932123,0.03571559,0.00272353297472
2023-03-07,train,0.063,0.06616056,0.06630804,0.39976907,0.024018588,0.031783473,0.034377087,0.0033080364465713497
2023-03-08,train,0.059,0.06612384,0.06617209,0.40100276,0.023187637,0.032896727,0.033227116,0.007172093152999881
2023-03-09,train,0.065,0.06553324,0.06570059,0.3994617,0.021759214,0.033641797,0.031891447,0.0007005906105041482
2023-03-10,train,0.06,0.06475484,0.06500258,0.39692724,0.020216394,0.034252677,0.030502168,0.005002582967281344
2023-03-11,train,0.069,0.064184576,0.064398855,0.39535868,0.018988546,0.034976706,0.029207867,0.004601145029067999
2023-03-12,train,0.077,0.07519706,0.072368495,0.41576758,0.035096567,0.038346924,0.03685014,0.004631504833698272
2023-03-13,train,0.064,0.06166158,0.06446624,0.37253743,0.018668147,0.03518122,0.026480356,0.0004662380218505846
2023-03-14,train,0.058,0.061670944,0.062403165,0.37533644,0.017611245,0.036089662,0.025581282,0.004403164803981778
2023-03-15,train,0.061,0.06148564,0.06172599,0.37680712,0.01647129,0.036881745,0.024603894,0.0007259889841079725
2023-03-16,train,0.065,0.06143389,0.061510406,0.37866864,0.015558671,0.03776411,0.023669781,0.003489593565464022
2023-03-17,train,0.07,0.061152562,0.061246302,0.37898275,0.01451109,0.03849239,0.022660175,0.008753698021173484
2023-03-18,train,0.067,0.06622543,0.06492116,0.40555885,0.017848486,0.042894173,0.02333126,0.002078836977481846
2023-03-19,train,0.063,0.069008276,0.067937665,0.41859192,0.018883731,0.045783557,0.023224723,0.004937664687633514
2023-03-20,train,0.06,0.0657318,0.06630962,0.4045458,0.015556001,0.04423366,0.021498138,0.006309623420238497
2023-03-21,train,0.069,0.06454974,0.06501074,0.39922783,0.013899726,0.044245422,0.020304313,0.003989258646965033
2023-03-22,train,0.072,0.062261324,0.06298153,0.38758752,0.011625424,0.043467943,0.018793382,0.009018468976020808
2023-03-23,train,0.166,0.14110191,0.120638445,0.39122874,0.13838682,0.06434016,0.07676175,0.045361554980278024
2023-03-24,train,0.183,0.22871448,0.2004042,0.1976485,0.8927919,0.04961966,0.17909482,0.01740419697761536
2023-03-25,train,0.237,0.22480474,0.21841308,0.06317799,4.7544,0.025185293,0.19961946,0.018586915254592884
2023-03-26,train,0.075,0.08370775,0.118993536,0.09474402,0.31169018,0.020200778,0.06350697,0.04399353563785553
2023-03-27,train,0.092,0.0961315,0.10212017,0.09413038,0.6074803,0.020867772,0.07526373,0.010120168507099153
2023-03-28,train,0.078,0.07542073,0.0824146,0.10273142,0.19116263,0.01906507,0.05635566,0.004414597272872925
2023-03-29,train,0.096,0.08944699,0.08760487,0.108312055,0.44310087,0.02162718,0.06781981,0.008395127117633822
2023-03-30,train,0.092,0.07585975,0.07893636,0.118354484,0.20753884,0.020859262,0.055000488,0.01306363922357559
2023-03-31,train,0.06,0.066527575,0.06977803,0.12905005,0.08199959,0.019368105,0.04715947,0.009778032600879671
2023-04-01,train,0.059,0.067168474,0.06785204,0.13990678,0.051933613,0.019463671,0.0477048,0.008852042615413669
2023-04-02,train,0.088,0.079347655,0.076336406,0.16631061,0.08138051,0.024465226,0.05488243,0.011663593828678126
2023-04-03,train,0.072,0.073625505,0.07433562,0.16051549,0.037582878,0.023258522,0.050366983,0.0023356198072433526
2023-04-04,train,0.154,0.17003572,0.14496729,0.15381977,0.6739648,0.034264166,0.13577156,0.009032712221145628
2023-04-05,train,0.136,0.084554985,0.10037987,0.14257202,0.41502854,0.028489996,0.05606499,0.03562013065814973
2023-04-06,train,0.058,0.06227672,0.072257765,0.14418466,0.09205841,0.024006387,0.038270336,0.014257764637470242
2023-04-07,train,0.049,0.059427448,0.06278832,0.15212896,0.05062975,0.0229782,0.03644925,0.013788322567939756
2023-04-08,train,0.049,0.06169328,0.061980125,0.1653075,0.033901706,0.023411103,0.03828218,0.012980124562978743
2023-04-09,train,0.048,0.06724171,0.06586345,0.18023866,0.024753988,0.024519227,0.042722482,0.017863452851772307
2023-04-10,train,0.045,0.07487691,0.07251586,0.19207497,0.018465724,0.025373947,0.049502965,0.027515860199928285
2023-04-11,train,0.047,0.083853565,0.08088368,0.20328207,0.014337749,0.026482178,0.05737139,0.033883681774139404
2023-04-12,train,0.048,0.093026705,0.08984587,0.22363876,0.01240472,0.02935124,0.06367546,0.04184587341547012
2023-04-13,train,0.068,0.10721888,0.10266806,0.22937,0.011711576,0.029332962,0.07788591,0.034668061852455134
2023-04-14,train,0.062,0.103649005,0.10339205,0.21373364,0.008206901,0.02848374,0.075165264,0.04139204967021942
2023-04-15,train,0.153,0.104779564,0.10441611,0.21019588,0.0063287523,0.029143207,0.07563636,0.048583890378475186
2023-04-16,train,0.229,0.106943175,0.10628122,0.2014527,0.0047964617,0.029384166,0.07755901,0.12271877908706666
2023-04-17,train,0.146,0.10839598,0.10784203,0.19314274,0.0037458069,0.029823883,0.078572094,0.03815797185897826
2023-04-18,train,0.128,0.10889825,0.10862158,0.21927094,0.0038596708,0.032998133,0.07590012,0.019378417611122134
2023-04-19,train,0.187,0.22649133,0.1956156,0.27940056,0.15500185,0.08416707,0.14232427,0.008615604519844056
2023-04-20,train,0.1,0.058159564,0.09416589,0.19397303,0.011819533,0.033516746,0.024642818,0.0058341085910797175
2023-04-21,train,0.074,0.061215915,0.06984709,0.18632904,0.007646041,0.031072892,0.030143023,0.00415290796756744
2023-04-22,train,0.07,0.06824363,0.06866366,0.20005167,0.006719712,0.03279232,0.03545131,0.0013363432884216375
2023-04-23,train,0.091,0.11343616,0.1017081,0.280563,0.03138116,0.06250425,0.050931916,0.010708099246025088
2023-04-24,train,0.098,0.07007812,0.07836353,0.24792865,0.011645658,0.049217824,0.020860296,0.019636469662189487
2023-04-25,train,0.066,0.07054126,0.07259029,0.24675973,0.008693922,0.04525959,0.025281671,0.00659029150009155
2023-04-26,train,0.057,0.068347596,0.06945896,0.23235144,0.0056347414,0.040711172,0.027636426,0.012458961486816404
2023-04-27,train,0.048,0.06993231,0.06980832,0.22366202,0.0040792557,0.03904761,0.030884704,0.021808319211006164
2023-04-28,train,0.051,0.07350504,0.07253669,0.2357586,0.003547759,0.041453183,0.032051854,0.021536692023277286
2023-04-29,train,0.08,0.09354561,0.08804237,0.30498466,0.007698738,0.058470502,0.035075106,0.008042370975017546
2023-04-30,train,0.058,0.07142786,0.07578,0.26888502,0.003046872,0.042929906,0.028497955,0.017779996812343594
2023-05-01,train,0.05,0.07149595,0.07261815,0.26424026,0.002187517,0.04209123,0.02940472,0.022618149220943448
2023-05-02,train,0.064,0.07309541,0.0729704,0.27207765,0.001856479,0.043975048,0.029120367,0.008970397770404814
2023-05-03,train,0.058,0.07552881,0.074858636,0.2855619,0.0017443533,0.047366116,0.028162692,0.016858635663986203
2023-05-04,train,0.059,0.07629754,0.07592062,0.2898947,0.0014892401,0.049083922,0.027213613,0.01692061907052994
2023-05-05,train,0.062,0.07720879,0.07687136,0.2948554,0.0013100617,0.051196195,0.026012594,0.014871357858181
2023-05-06,train,0.111,0.14808807,0.129433,0.11862898,0.16781107,0.064630575,0.08345749,0.018433006048202513
2023-05-07,train,0.118,0.06014734,0.07829658,0.13866897,0.02849817,0.05249493,0.007652412,0.039703420579433435
2023-05-08,train,0.064,0.049952142,0.057376906,0.14699031,0.008621593,0.044014685,0.005937459,0.006623093724250795
2023-05-09,train,0.051,0.051431634,0.052988984,0.16529025,0.005891461,0.044827193,0.006604439,0.0019889836907386813
2023-05-10,train,0.075,0.06797634,0.064050436,0.17374079,0.0149814915,0.057391237,0.010585102,0.010949563980102536
2023-05-11,train,0.081,0.06390939,0.06394634,0.17665571,0.010955488,0.056892816,0.0070165764,0.01705366349220276
2023-05-12,train,0.058,0.052513916,0.055508614,0.17937048,0.0044853697,0.046342775,0.0061711418,0.0024913864135742217
2023-05-13,train,0.056,0.052966993,0.053632766,0.19400224,0.0031361594,0.045577418,0.0073895766,0.002367233991622926
2023-05-14,train,0.056,0.056158677,0.05549702,0.21191329,0.0025185444,0.047553483,0.008605193,0.0005029795169830334
2023-05-15,train,0.051,0.057287507,0.056818493,0.22368656,0.0018898225,0.047520734,0.0097667705,0.005818492710590366
2023-05-16,train,0.052,0.06127903,0.060110603,0.24176759,0.0016443382,0.050828047,0.010450982,0.00811060252785683
2023-05-17,train,0.078,0.07562395,0.07156026,0.2729985,0.002425095,0.06440424,0.011219708,0.0064397363662719725
2023-05-18,train,0.06,0.069399975,0.06996586,0.26555556,0.0017386209,0.058736086,0.010663889,0.009965861737728121
2023-05-19,train,0.055,0.066218555,0.067200154,0.26332772,0.0011683541,0.056091227,0.010127329,0.012200154066085815
2023-05-20,train,0.07,0.07309825,0.07155326,0.28131515,0.0014797887,0.06241379,0.0106844595,0.0015532600879669123
2023-05-21,train,0.088,0.08957361,0.08485322,0.295495,0.0024785947,0.079093374,0.010480233,0.0031467829942703196
2023-05-22,train,0.089,0.082437545,0.08307033,0.27942836,0.0020027948,0.073685646,0.008751903,0.005929669678211208
2023-05-23,train,0.082,0.069897704,0.07334825,0.26052916,0.0010138144,0.062460817,0.007436887,0.008651753485202793
2023-05-24,train,0.072,0.07256463,0.072769895,0.2729386,0.0009513084,0.06498466,0.0075799716,0.000769895195961004
2023-05-25,train,0.076,0.08124012,0.079021364,0.27605563,0.0019665135,0.072290316,0.0089497985,0.003021364450454714
2023-05-26,train,0.069,0.07065199,0.072844334,0.25109875,0.00083114696,0.06464196,0.0060100313,0.0038443339467048587
2023-05-27,train,0.1,0.069394924,0.07029849,0.2518542,0.00061930803,0.063281074,0.0061138463,0.029701507091522222
2023-05-28,train,0.102,0.070960075,0.070786774,0.260579,0.00053576205,0.06494868,0.0060113966,0.03121322584152221
2023-05-29,train,0.075,0.07269193,0.07219288,0.26883194,0.00047378693,0.06686955,0.0058223833,0.0028071224689483615
2023-05-30,train,0.075,0.073694244,0.073300965,0.27264363,0.00040434807,0.068101265,0.0055929786,0.0016990348696708651
2023-05-31,train,0.08,0.075501524,0.074925095,0.27917388,0.00036654176,0.070184775,0.005316747,0.005074905157089235
2023-06-01,train,0.08,0.077532664,0.076849625,0.28017017,0.00033126926,0.07252328,0.0050093806,0.0031503754854202287
2023-06-02,train,0.069,0.07944181,0.07876279,0.28601938,0.0003091794,0.07472601,0.0047158017,0.009762792050838465
2023-06-03,train,0.128,0.12742113,0.11467518,0.36651528,0.002414442,0.12130288,0.006118241,0.013324820876121524
2023-06-04,train,0.128,0.118819565,0.117733955,0.31633157,0.0016241894,0.115168415,0.0036511477,0.010266044616699221
2023-06-05,train,0.069,0.08047851,0.0902375,0.20765789,0.0005440579,0.07754881,0.0029297003,0.021237498283386225
2023-06-06,train,0.063,0.07884988,0.08183285,0.20181046,0.0004349994,0.07589354,0.0029563375,0.018832848489284515
2023-06-07,train,0.068,0.08105011,0.08125515,0.22656299,0.00052744074,0.077966265,0.0030838512,0.013255152821540828
2023-06-08,train,0.082,0.07948661,0.07994988,0.21000674,0.0003947396,0.07673547,0.002751141,0.0020501218438148533
2023-06-09,train,0.074,0.08003782,0.08001478,0.21817502,0.00039206687,0.077354506,0.0026833154,0.006014780163764957
2023-06-10,train,0.078,0.079891264,0.07992362,0.21503982,0.00033921693,0.07739989,0.0024913761,0.0019236223101615907
2023-06-11,train,0.074,0.078056134,0.07854532,0.19698012,0.00025983824,0.07571695,0.0023391834,0.0045453170537948645
2023-06-12,train,0.074,0.07725072,0.07758984,0.1911631,0.00022365345,0.075027384,0.0022233317,0.003589839696884159
2023-06-13,train,0.072,0.078398556,0.07818672,0.20756839,0.00023013543,0.07629739,0.0021011655,0.006186720609664922
2023-06-14,train,0.078,0.07879986,0.078639254,0.21467856,0.00023405041,0.07679181,0.0020080542,0.0006392539739608766
2023-06-15,train,0.077,0.07912325,0.07899647,0.2133743,0.00021008776,0.07727288,0.0018503721,0.0019964720606803904
2023-06-16,train,0.076,0.083603725,0.082396865,0.2592074,0.00030749975,0.08177336,0.0018303625,0.006396864891052248
2023-06-17,train,0.087,0.13213214,0.119104095,0.3272017,0.00270753,0.12880571,0.0033264267,0.03210409480333329
2023-06-18,train,0.116,0.13786267,0.1329489,0.2396818,0.0046410714,0.13491037,0.0029522898,0.016948905229568476
2023-06-19,train,0.104,0.07594875,0.09087983,0.14740135,0.00065013446,0.07530997,0.00063878007,0.013120172262191768
2023-06-20,train,0.082,0.07107067,0.07625964,0.13474473,0.00040754897,0.07033845,0.00073221896,0.005740357160568241
2023-06-21,train,0.082,0.06943483,0.07122257,0.1347811,0.00030902255,0.06862272,0.0008121049,0.010777426481246952
2023-06-22,train,0.132,0.07303625,0.07256117,0.17825751,0.00046570282,0.07204793,0.0009883258,0.05943883281946183
2023-06-23,train,0.111,0.08493905,0.08169669,0.22693774,0.0009205812,0.08373478,0.0012042646,0.02930331087112427
2023-06-24,train,0.13,0.10415975,0.0982756,0.24738754,0.001305045,0.10311303,0.00104672,0.03172439813613892
2023-06-25,train,0.08,0.07313073,0.079717375,0.16845284,0.00042047555,0.072489545,0.00064118404,0.0002826246619224565
2023-06-26,train,0.077,0.07280012,0.07461209,0.17891245,0.0004033229,0.07207203,0.0007280951,0.0023879114985465993
2023-06-27,train,0.074,0.07039664,0.07150087,0.16753283,0.00028612587,0.06970794,0.0006886987,0.0024991323947906458
2023-06-28,train,0.078,0.06916993,0.06978051,0.16502887,0.00023002482,0.06847485,0.000695079,0.008219486355781555
2023-06-29,train,0.074,0.07189598,0.07134184,0.22371085,0.00018535017,0.07120145,0.0006945249,0.002658157587051388
2023-06-30,train,0.069,0.07402542,0.07332247,0.23767194,0.00017863887,0.07334163,0.00068379496,0.0043224675059318485
2023-07-01,train,0.064,0.0785508,0.07718125,0.24207418,0.00035816288,0.077719726,0.00083107303,0.013181249856948851
2023-07-02,train,0.07,0.07398763,0.0748242,0.21091044,0.00014067012,0.073412605,0.0005750294,0.0048241990804672175
2023-07-03,train,0.075,0.07528319,0.07516296,0.22230136,0.00014600535,0.074708536,0.00057465606,0.00016296207904815951
2023-07-04,train,0.082,0.07579788,0.07563157,0.2257896,0.000120780234,0.075261086,0.00053678866,0.0063684336543083225
2023-07-05,train,0.073,0.07760487,0.07708797,0.23698501,0.00012059861,0.07708755,0.0005173147,0.004087968587875371
2023-07-06,train,0.068,0.07775298,0.07757878,0.23801681,0.00010291527,0.07726321,0.00048976357,0.009578783035278315
2023-07-07,train,0.065,0.07844945,0.07822138,0.2409083,9.264251e-05,0.07798663,0.00046282235,0.013221380710601804
2023-07-08,train,0.065,0.08007876,0.07959222,0.24840695,9.252791e-05,0.07963928,0.0004394826,0.014592220485210416
2023-07-09,train,0.065,0.08076719,0.080459416,0.249383,8.348253e-05,0.080354676,0.0004125135,0.015459415912628172
2023-07-10,train,0.07,0.08256749,0.08201528,0.2565447,8.556291e-05,0.08217642,0.0003910742,0.012015283405780786
2023-07-11,train,0.069,0.082934596,0.082693785,0.25426817,7.48671e-05,0.08257021,0.000364385,0.013693785429000849
2023-07-12,train,0.078,0.084394544,0.08394904,0.25872824,7.504108e-05,0.08405076,0.00034378143,0.00594903689622879
2023-07-13,train,0.069,0.08505366,0.0847643,0.25766772,6.8515175e-05,0.08473284,0.0003208217,0.01576430177688598
2023-07-14,train,0.076,0.08593055,0.08562506,0.2580389,6.480617e-05,0.0856303,0.00030024865,0.009625059902668001
2023-07-15,train,0.093,0.0878025,0.08723213,0.265464,7.582231e-05,0.08751214,0.00029035343,0.005767872214317321
2023-07-16,train,0.153,0.1262164,0.11600456,0.33489925,0.0006915895,0.12559088,0.00062552514,0.03699544358253479
2023-07-17,train,0.15,0.10887396,0.11074181,0.28593853,0.00025711537,0.108573325,0.00030064207,0.03925819098949432
2023-07-18,train,0.092,0.100952886,0.10351708,0.26895618,0.0003772621,0.10054847,0.00040441414,0.011517077863216402
2023-07-19,train,0.086,0.09995174,0.100885674,0.25344646,0.00023494672,0.09967781,0.0002739248,0.014885674357414252
2023-07-20,train,0.126,0.094239876,0.09598073,0.24145503,0.00015846464,0.09399857,0.00024130361,0.03001926636695862
2023-07-21,train,0.106,0.09107728,0.09236173,0.23486188,0.00011647512,0.09085401,0.0002232697,0.013638266682624814
2023-07-22,train,0.086,0.09084424,0.09124175,0.23883459,0.00010497052,0.09063013,0.00021410934,0.005241747140884406
2023-07-23,train,0.088,0.09052563,0.09071322,0.24088198,9.327746e-05,0.09032226,0.00020336547,0.002713217854499822
2023-07-24,train,0.086,0.09102239,0.09094141,0.24594916,8.957343e-05,0.090827264,0.00019512323,0.00494140678644181
2023-07-25,train,0.072,0.091411486,0.09128836,0.24937645,8.491664e-05,0.09122535,0.00018613852,0.01928835797309876
2023-07-26,train,0.082,0.09137546,0.09135265,0.24957797,7.6747696e-05,0.09120013,0.0001753342,0.009352649033069607
2023-07-27,train,0.1,0.091498986,0.09146065,0.24999937,7.049296e-05,0.091333725,0.00016526433,0.008539347350597387
2023-07-28,train,0.08,0.09304703,0.09263149,0.25811276,7.696084e-05,0.09288565,0.00016137873,0.012631489038467406
2023-07-29,train,0.095,0.09384344,0.093525976,0.26100564,7.6354925e-05,0.09368885,0.00015458265,0.0014740240573883068
2023-07-30,train,0.111,0.12075599,0.11362315,0.30911896,0.00090437406,0.12023274,0.000523253,0.002623149693012236
2023-07-31,train,0.109,0.09489581,0.099801406,0.2163584,0.0001427211,0.09473565,0.00016015989,0.009198593735694885
2023-08-01,train,0.103,0.10265748,0.10190934,0.2762094,0.000354434,0.10240083,0.00025664654,0.0010906605720519963
2023-08-02,train,0.096,0.099220514,0.09992485,0.26221508,0.00021124778,0.09903582,0.00018468873,0.003924847483634947
2023-08-03,train,0.088,0.08919808,0.09200794,0.17418616,0.00016874811,0.08902138,0.0001767057,0.00400794249773026
2023-08-04,train,0.077,0.086759485,0.08813431,0.16506915,0.00014501647,0.08658915,0.00017033421,0.011134311139583589
2023-08-05,train,0.09,0.08582779,0.08643198,0.17118311,0.00014464465,0.08565801,0.00016978699,0.003568019866943356
2023-08-06,train,0.081,0.084591195,0.08507338,0.17147316,0.00013859385,0.08442472,0.00016647908,0.004073381662368772
2023-08-07,train,0.07,0.08368469,0.08404846,0.17400101,0.0001368139,0.08352068,0.00016401314,0.014048457443714135
2023-08-08,train,0.08,0.08409666,0.084084034,0.18854573,0.00015038541,0.08392973,0.00016693272,0.0040840339660644515
2023-08-09,train,0.078,0.08346334,0.083625935,0.189765,0.00015225448,0.083296835,0.00016650445,0.005625935018062592
2023-08-10,train,0.114,0.13121597,0.118749864,0.3679678,0.0017200862,0.13054077,0.0006752017,0.004749864399433132
2023-08-11,train,0.144,0.09307754,0.09980235,0.21154861,0.00039310768,0.09286456,0.0002129828,0.044197647511959065
2023-08-12,train,0.109,0.1230601,0.11696778,0.30657393,0.0011386953,0.122637056,0.00042304065,0.007967782378196717
2023-08-13,train,0.133,0.11628966,0.1164673,0.27641088,0.0012019497,0.11588271,0.0004069491,0.016532702922821052
2023-08-14,train,0.084,0.099453844,0.10391048,0.224937,0.0007094378,0.09918304,0.00027080585,0.019910483419895167
2023-08-15,train,0.08,0.091060564,0.09442657,0.2020745,0.0005648412,0.090787545,0.00027301852,0.014426572322845457
2023-08-16,train,0.08,0.086134516,0.088306606,0.18414943,0.0004495403,0.085869685,0.00026483144,0.00830660581588745
2023-08-17,train,0.083,0.08165978,0.083400905,0.1617458,0.00031868304,0.08141449,0.00024528545,0.00040090513229369684
2023-08-18,train,0.089,0.079714924,0.08068046,0.15800892,0.0002723928,0.079468414,0.0002465103,0.008319540262222286
2023-08-19,train,0.082,0.080491945,0.08054133,0.17804573,0.0003200414,0.080219805,0.0002721383,0.001458672404289249
2023-08-20,train,0.116,0.11358662,0.104930475,0.30365312,0.002260241,0.11283303,0.000753587,0.011069524645805365
2023-08-21,train,0.091,0.08101178,0.08727723,0.15720028,0.00045287772,0.08076712,0.00024465876,0.0037227663993835425
2023-08-22,train,0.088,0.0883348,0.08805777,0.21000855,0.0007745509,0.08799194,0.0003428608,5.777132511139427e-05
2023-08-23,train,0.08,0.10695606,0.1020057,0.25574374,0.0031256042,0.106131814,0.000824242,0.022005697786808012
2023-08-24,train,0.078,0.079964034,0.0857378,0.14778496,0.00074816676,0.079701684,0.00026235112,0.007737802088260651
2023-08-25,train,0.07,0.0757098,0.07833661,0.13533546,0.000513928,0.07544296,0.00026683757,0.008336611390113824
2023-08-26,train,0.064,0.07506562,0.07592245,0.1453081,0.0004841943,0.07476499,0.0003006305,0.01192245191335678
2023-08-27,train,0.093,0.117104016,0.106316596,0.26331878,0.0052938946,0.11599396,0.0011100514,0.013316596269607545
2023-08-28,train,0.145,0.12283798,0.11851025,0.22410034,0.0065835943,0.12214535,0.00069263304,0.02648975372314452
2023-08-29,train,0.148,0.12871037,0.12603848,0.20668574,0.010668995,0.12808584,0.0006245325,0.021961523175239556
2023-08-30,train,0.079,0.069184184,0.084077045,0.11018945,0.0014010186,0.068830565,0.0003536199,0.005077045321464538
2023-08-31,train,0.065,0.06614837,0.070844755,0.11366247,0.001069595,0.065741226,0.0004071436,0.005844754576683042
2023-09-01,train,0.064,0.06610721,0.067348205,0.11696993,0.0010592975,0.06562162,0.00048559418,0.0033482045531272875
2023-09-02,train,0.063,0.06213422,0.06350002,0.10524719,0.0007005069,0.06162469,0.00050953124,0.0005000169277191158
2023-09-03,train,0.065,0.060594797,0.061355814,0.107545175,0.00060016813,0.060017034,0.0005777616,0.0036441856622695945
2023-09-04,train,0.064,0.058726717,0.059415407,0.10579499,0.0005043503,0.05808788,0.0006388352,0.004584592521190645
2023-09-05,train,0.062,0.06601977,0.06428978,0.16265304,0.0010247519,0.06522835,0.00079141953,0.0022897784709930424
2023-09-06,train,0.087,0.08954861,0.082932115,0.24224114,0.0026867953,0.08856107,0.0009875371,0.00406788539886474
2023-09-07,train,0.095,0.07764831,0.07903239,0.1929543,0.0016388323,0.07696607,0.0006822445,0.015967608690261842
2023-09-08,train,0.079,0.07219804,0.07398829,0.17969948,0.0015500246,0.07145153,0.0007465082,0.005011711359024049
2023-09-09,train,0.073,0.06190569,0.0650707,0.12690145,0.0007525038,0.06127895,0.0006267376,0.00792929637432098
2023-09-10,train,0.072,0.06969528,0.06848388,0.17737477,0.0013282994,0.068917885,0.0007773915,0.0035161183476448005
2023-09-11,train,0.069,0.061155327,0.06307503,0.12897818,0.0007071169,0.060480375,0.0006749503,0.005924971640110022
2023-09-12,train,0.067,0.06148674,0.06190279,0.13642949,0.0007032942,0.06077766,0.0007090799,0.00509720873832703
2023-09-13,val,0.072,0.07897842,0.07450549,0.22328873,0.001597707,0.078134574,0.0008438419,0.002505493044853216
2023-09-14,val,0.179,0.1878772,0.15817972,0.3920269,0.013956563,0.18633644,0.0015407564,0.020820284724235527
2023-09-15,val,0.157,0.164638,0.16294627,0.3111103,0.032531705,0.1632375,0.0014005057,0.005946268916130065
2023-09-16,val,0.09,0.086960755,0.106865,0.18784004,0.0041278563,0.0860707,0.00089005695,0.016865003705024723
2023-09-17,val,0.068,0.07813956,0.08566413,0.18044823,0.0030591297,0.07709969,0.0010398717,0.017664130747318263
2023-09-18,val,0.062,0.07103134,0.07486437,0.17060082,0.002339202,0.069817066,0.0012142739,0.012864372611045838
2023-09-19,val,0.061,0.06374144,0.06665507,0.15268418,0.0017280498,0.062345304,0.0013961309,0.0056550695896148695
2023-09-20,val,0.064,0.062405683,0.06351881,0.15203004,0.0015301062,0.060877007,0.0015286779,0.0004811927080154432
2023-09-21,val,0.064,0.06097485,0.06164124,0.14929903,0.0013627461,0.05933963,0.0016352205,0.0023587613701820387
2023-09-22,val,0.062,0.06004031,0.060459673,0.147532,0.0012500362,0.05833176,0.001708549,0.001540326595306396
2023-09-23,val,0.059,0.0612893,0.061071984,0.15541507,0.0012732098,0.059545465,0.0017438332,0.0020719844698905976
2023-09-24,val,0.062,0.062120467,0.06184582,0.16048557,0.001281403,0.060358126,0.0017623428,0.00015417960286140397
2023-09-25,val,0.073,0.096122965,0.08714414,0.30016896,0.007507939,0.09330351,0.0028194534,0.014144136428833012
2023-09-26,val,0.073,0.064977005,0.070783645,0.15444434,0.0019500175,0.06358981,0.0013871954,0.0022163550853729203
2023-09-27,val,0.067,0.06322933,0.06520817,0.15103869,0.0017826456,0.06173245,0.0014968843,0.0017918331623077433
2023-09-28,val,0.074,0.06946238,0.068348005,0.1798856,0.0021820506,0.067908,0.001554384,0.005651994585990902
2023-09-29,val,0.084,0.09708018,0.08955385,0.2831588,0.007183082,0.0948093,0.0022708795,0.005553847908973689
2023-09-30,val,0.066,0.0619982,0.06921635,0.13702926,0.0019335806,0.06056474,0.0014334577,0.0032163482308387725
2023-10-01,val,0.065,0.055191476,0.058865264,0.091066614,0.0013168395,0.05372727,0.001464208,0.006134735941886904
2023-10-02,val,0.067,0.05289704,0.054460406,0.08522954,0.0011700959,0.051391345,0.0015056966,0.012539593696594242
2023-10-03,val,0.063,0.05389399,0.05404236,0.09694911,0.0013305258,0.052373257,0.0015207332,0.008957638323307038
2023-10-04,val,0.063,0.054781497,0.054587882,0.10642624,0.0014669265,0.05325099,0.001530506,0.00841211798787117
2023-10-05,val,0.062,0.053036373,0.053442787,0.101486884,0.001380873,0.05150063,0.0015357429,0.008557212620973587
2023-10-06,val,0.058,0.054153778,0.053967535,0.11296793,0.0016721798,0.052579634,0.0015741453,0.004032464504241946
2023-10-07,val,0.067,0.06477055,0.061940726,0.16693166,0.0030619563,0.06310162,0.0016689273,0.005059274107217793
2023-10-08,val,0.07,0.07520768,0.07173243,0.20732309,0.004817444,0.07341957,0.0017881119,0.0017324316501617365
2023-10-09,val,0.062,0.069674455,0.07021354,0.17680049,0.0039331526,0.06805769,0.0016167606,0.008213541388511658
2023-10-10,val,0.07,0.07206396,0.07157925,0.18563057,0.0045431047,0.07036633,0.0016976272,0.0015792477130889826
2023-10-11,val,0.056,0.05881019,0.06215502,0.12735942,0.0026680767,0.057234596,0.0015755924,0.006155019491910933
2023-10-12,val,0.053,0.05847497,0.05943895,0.12807678,0.0026757107,0.056855973,0.0016189956,0.0064389513134956375
2023-10-13,val,0.052,0.05724906,0.057822697,0.12482237,0.002613941,0.05558859,0.0016604707,0.005822696864604952
2023-10-14,val,0.05,0.055454347,0.056074735,0.11881109,0.0025007399,0.053763967,0.001690381,0.00607473477721214
2023-10-15,val,0.051,0.054261692,0.054736618,0.11551555,0.00246873,0.0525515,0.0017101906,0.0037366179525852236
2023-10-16,val,0.049,0.05054797,0.05164518,0.09990028,0.0021326991,0.048832823,0.0017151453,0.002645178347826002
2023-10-17,val,0.052,0.05093943,0.0511243,0.1049392,0.0023296403,0.049224142,0.0017152878,0.0008756991922855353
2023-10-18,val,0.053,0.059105605,0.057014924,0.14397828,0.0035061557,0.057354916,0.0017506878,0.004014923542737962
2023-10-19,val,0.053,0.07577702,0.07086233,0.21303597,0.006783546,0.07373316,0.0020438614,0.01786233049631119
2023-10-20,val,0.07,0.0836503,0.080300525,0.23954915,0.009912241,0.08127192,0.002378379,0.01030052483081817
2023-10-21,val,0.061,0.059160765,0.06469828,0.13680363,0.0047138524,0.057078075,0.0020826894,0.003698278903961183
2023-10-22,val,0.054,0.05462555,0.057264082,0.11685102,0.0038585353,0.052544534,0.0020810151,0.0032640821337699896
2023-10-23,val,0.05,0.050701767,0.052420754,0.10115724,0.0033199778,0.048576243,0.0021255256,0.002420753985643384
2023-10-24,val,0.05,0.05168766,0.051879693,0.108672425,0.0037038815,0.049527783,0.0021598777,0.0018796928226947757
2023-10-25,val,0.05,0.050315943,0.050725564,0.10462852,0.0036463311,0.04812174,0.0021942046,0.0007255643606185885
2023-10-26,val,0.045,0.05206479,0.051713984,0.114973225,0.0042099133,0.04982785,0.002236939,0.006713984459638597
2023-10-27,val,0.102,0.12430228,0.10528793,0.35977873,0.0367209,0.120065875,0.004236411,0.003287931859493262
2023-10-28,val,0.074,0.05509364,0.068241924,0.12019188,0.007132259,0.052206248,0.0028873924,0.0057580759525299036
2023-10-29,val,0.061,0.055183757,0.05860432,0.12153134,0.006994882,0.05220306,0.0029806995,0.0023956813514232622
2023-10-30,val,0.059,0.049706105,0.052036975,0.09986657,0.005525661,0.04657289,0.0031332162,0.0069630254209041564
2023-10-31,val,0.068,0.047363665,0.04858783,0.091852926,0.0050272862,0.04414595,0.0032177155,0.019412171125411992
2023-11-01,val,0.066,0.054505337,0.05295526,0.1289673,0.007288852,0.051182233,0.003323103,0.0130447413623333
2023-11-02,val,0.059,0.054054327,0.05376643,0.12790333,0.0073292595,0.050600175,0.003454154,0.005233570575714108
2023-11-03,val,0.065,0.05044213,0.051312923,0.11298814,0.0064366506,0.046882723,0.0035594075,0.013687076568603518
2023-11-04,val,0.067,0.052638624,0.05229136,0.12416611,0.007397759,0.048993953,0.0036446704,0.014708640247583393
2023-11-05,val,0.057,0.050800085,0.051190723,0.11695621,0.0070771733,0.047062397,0.003737687,0.005809277266263964
2023-11-06,val,0.064,0.04961157,0.050025225,0.11281968,0.006989124,0.045800786,0.0038107827,0.013974775314331056
2023-11-07,val,0.056,0.04722083,0.04795544,0.10319563,0.0064846505,0.043358847,0.0038619833,0.00804456150531769
2023-11-08,val,0.115,0.11341224,0.09626597,0.34311247,0.05225318,0.10703222,0.006380021,0.01873402833938599
2023-11-09,val,0.067,0.052933052,0.06428402,0.12070553,0.011226195,0.04816824,0.0047648153,0.002715980827808384
2023-11-10,val,0.147,0.2019796,0.16591054,0.46535015,0.48259085,0.18717735,0.014802258,0.018910542011260995
2023-11-11,val,0.124,0.07286359,0.09723705,0.17012088,0.042250585,0.06256433,0.010299262,0.02676294946670532
2023-11-12,val,0.075,0.064624876,0.07316757,0.14368941,0.033528015,0.052155674,0.012469202,0.0018324300646781894
2023-11-13,val,0.057,0.056620363,0.06095487,0.11206155,0.021752784,0.04379142,0.012828941,0.003954868793487547
2023-11-14,val,0.054,0.062611304,0.06217741,0.13607581,0.026762469,0.0488787,0.0137326075,0.008177408486604691
2023-11-15,val,0.053,0.0647077,0.06404489,0.14404531,0.027106589,0.050608195,0.014099503,0.011044892787933351
2023-11-16,val,0.054,0.066963784,0.06619919,0.15259072,0.028969228,0.05203884,0.014924942,0.01219919091463089
2023-11-17,val,0.047,0.060308415,0.061851494,0.12552035,0.021048553,0.04538072,0.014927697,0.014851494014263153
2023-11-18,val,0.055,0.057541072,0.058670178,0.113426894,0.018015806,0.04202817,0.015512901,0.0036701780557632444
2023-11-19,val,0.046,0.05832705,0.058416933,0.118047886,0.018494222,0.04258515,0.015741898,0.012416932821273804
2023-11-20,val,0.071,0.05843927,0.05843342,0.11982599,0.018582141,0.042539872,0.0158994,0.012566579043865198
2023-11-21,val,0.072,0.057430264,0.05769304,0.11676157,0.0179011,0.04143383,0.015996434,0.014306958138942713
2023-11-22,val,0.085,0.056679968,0.056945343,0.115303084,0.017637214,0.040698394,0.015981574,0.028054657429456717
2023-11-23,val,0.059,0.058825254,0.05833282,0.12747517,0.020037835,0.042983517,0.015841737,0.0006671805083751647
2023-11-24,val,0.065,0.05757686,0.057774886,0.123512946,0.019483577,0.041762326,0.015814535,0.0072251135110855125
2023-11-25,val,0.06,0.05718793,0.057341684,0.12382353,0.019819276,0.041472197,0.015715731,0.0026583163440227486
2023-11-26,val,0.064,0.05854741,0.058231577,0.13221736,0.021834923,0.0429564,0.01559101,0.005768422722816469
2023-11-27,val,0.061,0.057739086,0.057868097,0.1301761,0.021853704,0.042191103,0.015547985,0.0031319030225276934
2023-11-28,val,0.048,0.059583854,0.059134416,0.14038835,0.024484592,0.0441017,0.015482154,0.01113441628217697
2023-11-29,val,0.048,0.058717355,0.058826607,0.13763507,0.024472862,0.043198653,0.015518704,0.010826606720685958
2023-11-30,val,0.054,0.06138841,0.060717355,0.15137604,0.029843578,0.0453734,0.016015012,0.006717355459928513
2023-12-01,val,0.049,0.049406074,0.052369043,0.09118985,0.017632732,0.03413105,0.015275024,0.003369043231010435
2023-12-02,val,0.048,0.04874195,0.04969206,0.09242606,0.018343117,0.033716977,0.015024974,0.0016920607984066
2023-12-03,val,0.049,0.055851556,0.054238092,0.131234,0.031690903,0.040023394,0.015828162,0.005238092154264448
2023-12-04,val,0.088,0.11742953,0.100876674,0.3528742,0.18671003,0.093671635,0.0237579,0.012876674056053167
2023-12-05,val,0.06,0.05124215,0.06424381,0.10418096,0.032185573,0.03489391,0.016348237,0.004243808388710024
2023-12-06,val,0.053,0.048280574,0.05246211,0.088747546,0.026168933,0.031317923,0.016962651,0.000537891566753386
2023-12-07,val,0.047,0.047212455,0.04858759,0.08469715,0.024419067,0.029937046,0.01727541,0.001587590456008911
2023-12-08,val,0.049,0.047324464,0.047655337,0.08784772,0.025224902,0.029869074,0.017455392,0.0013446634411811847
2023-12-09,val,0.053,0.04878097,0.048486114,0.09826142,0.028568499,0.031158473,0.017622499,0.00451388645172119
2023-12-10,val,0.05,0.05254391,0.05148098,0.11960199,0.03583185,0.034638576,0.017905332,0.0014809787273406955
2023-12-11,val,0.065,0.0466658,0.047927126,0.08831602,0.025309697,0.028441755,0.018224044,0.017072873711586
2023-12-12,val,0.051,0.044871785,0.045672126,0.081376016,0.023144713,0.026691735,0.018180052,0.005327873885631558
2023-12-13,val,0.045,0.04378,0.044275638,0.07912521,0.022571843,0.025732394,0.018047605,0.000724362283945082
2023-12-14,val,0.047,0.04759986,0.046729088,0.10506357,0.03165523,0.029520687,0.018079171,0.00027091217041015636
2023-12-15,val,0.049,0.04589449,0.04611311,0.09696219,0.02916571,0.027674684,0.018219804,0.0028868889212608356
2023-12-16,val,0.054,0.05993647,0.05631547,0.16887982,0.07032051,0.038280223,0.02165625,0.0023154704868793494
2023-12-17,val,0.039,0.0491952,0.05106034,0.11501775,0.043573853,0.029469455,0.019725746,0.01206034129858017
2023-12-18,val,0.037,0.049119793,0.049628116,0.115663275,0.04519092,0.02910381,0.020015981,0.012628116190433504
2023-12-19,val,0.044,0.060647245,0.05776081,0.17334497,0.08491459,0.037655573,0.022991672,0.013760808616876605
2023-12-20,val,0.037,0.044667535,0.04809729,0.08956126,0.03475513,0.024657551,0.020009985,0.011097290098667147
2023-12-21,val,0.034,0.04385512,0.044966348,0.085553534,0.03234265,0.023585897,0.020269223,0.010966347515583036
2023-12-22,val,0.039,0.04461357,0.04470598,0.09189231,0.03481164,0.024017064,0.020596508,0.005705979526042938
2023-12-23,val,0.033,0.04314643,0.04355495,0.08359245,0.030948665,0.02235153,0.020794904,0.01055495050549507
2023-12-24,val,0.048,0.046061218,0.04540471,0.10438668,0.039959747,0.024872484,0.021188734,0.0025952901244163523
2023-12-25,val,0.048,0.04938872,0.04834512,0.1242418,0.048879765,0.027480494,0.021908227,0.00034511876106262107
2023-12-26,val,0.043,0.04822147,0.048253864,0.114968345,0.04461958,0.0257127,0.022508768,0.0052538640499115025
2023-12-27,val,0.044,0.047015898,0.047340184,0.10659359,0.04086909,0.024117721,0.022898179,0.0033401844501495387
2023-12-28,val,0.043,0.044777542,0.04544882,0.09250357,0.034656286,0.02178662,0.02299092,0.0024488210380077396
2023-12-29,val,0.046,0.048362523,0.047599286,0.11793839,0.046199195,0.024838274,0.023524249,0.00159928584098816
2023-12-30,val,0.055,0.048917133,0.048571926,0.11928743,0.048187353,0.024529817,0.024387317,0.0064280743896961215
2023-12-31,val,0.081,0.045997966,0.04667221,0.10111957,0.039103925,0.021865185,0.02413278,0.034327789902687075
