date,split,obs_tp,raw_sim_tp,sim_tp,routed_out,hyd_out,l_daily,f_surface,abs_error
2023-01-01,train,0.042,0.80517524,0.055070847,0.805165,1.0253443e-05,40.263073,0.94399357,0.013070847272872922
2023-01-02,train,0.037,0.8343673,0.05721876,0.83101535,0.0033519552,41.34519,0.9487357,0.020218760251998903
2023-01-03,train,0.086,1.0240953,0.06709786,1.0194712,0.0046240855,49.74732,0.9697454,0.018902142405509942
2023-01-04,train,0.06,0.9208461,0.06364714,0.91657734,0.004268742,45.095634,0.9609137,0.0036471435427665733
2023-01-05,train,0.046,0.8680143,0.060119636,0.86352134,0.004492929,42.778244,0.9534268,0.014119636356830598
2023-01-06,train,0.045,0.78401184,0.054344893,0.77907825,0.00493358,39.25207,0.9353092,0.009344892501831056
2023-01-07,train,0.043,0.71231693,0.04915693,0.70637727,0.0059396774,36.43276,0.9105946,0.006156930297613147
2023-01-08,train,0.05,0.9641864,0.06116212,0.9567377,0.0074486705,46.905083,0.9642838,0.011162121593952176
2023-01-09,train,0.14,2.8080218,0.14703995,2.802257,0.005764655,135.52612,0.9799448,0.007039949893951403
2023-01-10,train,0.084,1.5116564,0.07606136,1.5050883,0.006568074,72.847244,0.97877175,0.007938639461994176
2023-01-11,train,0.071,1.42865,0.065386966,1.4234643,0.0051856954,68.94594,0.97814715,0.005613034129142755
2023-01-12,train,0.075,2.049289,0.083004184,2.0447729,0.004516219,98.91863,0.9796222,0.008004184067249301
2023-01-13,train,0.093,2.112575,0.09244076,2.1075966,0.004978405,101.940865,0.9797529,0.0005592383742332452
2023-01-14,train,0.068,1.4933258,0.07115806,1.4880712,0.0052546393,72.03785,0.97866213,0.0031580589413642834
2023-01-15,train,0.072,1.422931,0.06772296,1.4183373,0.00459366,68.701744,0.97809935,0.004277038693428034
2023-01-16,train,0.064,1.3870562,0.0664101,1.3828027,0.0042534946,67.00339,0.9777355,0.0024101019501686083
2023-01-17,train,0.068,1.3623853,0.06751907,1.3583,0.0040853145,65.8331,0.9774519,0.0004809312820434619
2023-01-18,train,0.069,1.3298279,0.06777455,1.3258274,0.0040006023,64.28511,0.97700435,0.0012254508733749447
2023-01-19,train,0.068,1.2370805,0.06520665,1.2331262,0.003954287,59.89324,0.97509503,0.0027933530807495166
2023-01-20,train,0.064,1.165107,0.06304585,1.1611533,0.0039537353,56.51652,0.972763,0.0009541481137275709
2023-01-21,train,0.066,1.1427035,0.06311788,1.1386793,0.0040243035,55.466675,0.97187674,0.00288212335109711
2023-01-22,train,0.073,1.1439221,0.064442,1.1398362,0.0040859105,55.51554,0.972018,0.008557998716831203
2023-01-23,train,0.081,1.1298621,0.06508576,1.1257586,0.004103367,54.858273,0.97144836,0.015914238750934603
2023-01-24,train,0.063,1.0756559,0.06367885,1.0715258,0.004130067,52.357822,0.9684569,0.0006788532137870784
2023-01-25,train,0.077,1.0809659,0.06477309,1.0766976,0.004268338,52.58783,0.96890825,0.012226909816265105
2023-01-26,train,0.086,1.076259,0.06556497,1.0719543,0.0043048216,52.365433,0.9687142,0.020435032308101647
2023-01-27,train,0.091,1.0429367,0.0649117,1.0386112,0.0043255626,50.842216,0.96643656,0.026088299214839933
2023-01-28,train,0.079,1.0291197,0.06493879,1.024684,0.004435823,50.20625,0.9654216,0.014061208903789521
2023-01-29,train,0.065,0.9971167,0.064117126,0.9925883,0.004528386,48.761356,0.9625524,0.0008828738331794761
2023-01-30,train,0.07,1.0709419,0.06795333,1.0662394,0.004702579,52.08144,0.9687621,0.0020466667413711614
2023-01-31,train,0.066,1.1551524,0.07227123,1.1506686,0.0044837883,55.98375,0.9731541,0.006271227836608884
2023-02-01,train,0.066,1.0661258,0.069466375,1.0619227,0.004203083,51.878513,0.96867514,0.0034663748145103424
2023-02-02,train,0.07,1.021492,0.06763086,1.0172311,0.004260929,49.843487,0.96539116,0.0023691427707672186
2023-02-03,train,0.077,1.0910338,0.07060806,1.0865986,0.004435141,53.000927,0.9703414,0.006391942918300628
2023-02-04,train,0.077,1.4805248,0.08090985,1.4762402,0.004284623,71.60107,0.97666603,0.003909848213195802
2023-02-05,train,0.123,2.5883071,0.13416032,2.5839424,0.0043646595,124.975716,0.97988474,0.011160324931144716
2023-02-06,train,0.079,1.4509826,0.077978306,1.4453309,0.005651695,69.996605,0.97814083,0.001021694481372834
2023-02-07,train,0.084,1.8641802,0.082815856,1.8594215,0.0047587547,89.96952,0.9793658,0.0011841442584991507
2023-02-08,train,0.069,1.4343942,0.06943602,1.4295464,0.0048478385,69.24655,0.9780265,0.000436021149158472
2023-02-09,train,0.068,1.4015988,0.0706615,1.3972075,0.0043912977,67.702934,0.9777038,0.002661500096321101
2023-02-10,train,0.098,2.1455028,0.09666807,2.1413307,0.004172025,103.58231,0.97971445,0.001331927955150608
2023-02-11,train,0.09,1.7434987,0.08821927,1.7385445,0.0049541835,84.11591,0.97934765,0.0017807298898696866
2023-02-12,train,0.066,1.4984244,0.07655507,1.4936655,0.0047589736,72.31446,0.9786308,0.010555073261260983
2023-02-13,train,0.089,1.4593526,0.07733567,1.4549656,0.004387024,70.46034,0.9783582,0.0116643294095993
2023-02-14,train,0.064,1.3797721,0.06686878,1.3755791,0.004192966,66.66438,0.9775498,0.00286878204345703
2023-02-15,train,0.067,1.3297385,0.065385416,1.3256725,0.0040659616,64.28582,0.97686034,0.0016145838499069254
2023-02-16,train,0.076,1.2952107,0.065213986,1.291214,0.003996718,62.64699,0.97629076,0.01078601425886154
2023-02-17,train,0.057,1.2883834,0.06587784,1.2844204,0.0039629783,62.32078,0.9762299,0.008877839922904966
2023-02-18,train,0.055,1.246753,0.06563403,1.2428107,0.003942295,60.34939,0.9753557,0.010634027123451233
2023-02-19,train,0.058,1.1914257,0.06484459,1.1874838,0.0039419397,57.743645,0.97380346,0.006844593405723569
2023-02-20,train,0.054,1.1637464,0.06470939,1.1597668,0.0039795088,56.441708,0.97289956,0.010709387719631196
2023-02-21,train,0.061,1.1465299,0.064887114,1.1425087,0.004021163,55.630577,0.9723238,0.0038871138691902174
2023-02-22,train,0.059,1.1294662,0.06504776,1.1254117,0.0040543904,54.828796,0.9717028,0.006047763288021091
2023-02-23,train,0.055,1.2065028,0.067776725,1.2024162,0.0040865857,58.41898,0.97474307,0.012776724696159363
2023-02-24,train,0.064,1.0924491,0.06537296,1.0884612,0.003987912,53.10525,0.97012717,0.0013729587793350206
2023-02-25,train,0.055,1.193116,0.068381935,1.1890069,0.0041090096,57.7774,0.97454524,0.013381935358047485
2023-02-26,train,0.062,1.2235953,0.0698665,1.2196045,0.0039908113,59.214737,0.9754917,0.007866500794887543
2023-02-27,train,0.062,1.4723163,0.066365734,1.4684066,0.0039096577,71.32387,0.97511244,0.004365733742713929
2023-02-28,train,0.055,1.4763227,0.06639169,1.4719679,0.004354685,71.48233,0.97527957,0.01139169156551361
2023-03-01,train,0.05,1.4264325,0.06547287,1.4218934,0.00453914,69.13008,0.97400016,0.015472871065139768
2023-03-02,train,0.054,1.3717725,0.064308845,1.3671076,0.0046648704,66.576294,0.9721735,0.01030884450674057
2023-03-03,train,0.064,1.3765651,0.06503434,1.371763,0.0048020487,66.78408,0.9724729,0.0010343373417854296
2023-03-04,train,0.057,1.3881733,0.06497183,1.383332,0.0048413277,67.314445,0.97301084,0.007971826970577238
2023-03-05,train,0.058,1.3349439,0.06389177,1.3301175,0.0048264414,64.84755,0.9709326,0.005891768455505368
2023-03-06,train,0.064,1.3509935,0.06433745,1.3460724,0.0049210796,65.57522,0.97176015,0.0003374472856521593
2023-03-07,train,0.063,1.322165,0.063854486,1.3172513,0.004913706,64.24147,0.9705605,0.0008544857501983638
2023-03-08,train,0.059,1.3511364,0.06461749,1.3461676,0.004968838,65.567085,0.9719703,0.00561749225854874
2023-03-09,train,0.065,1.3157985,0.06398522,1.3108846,0.0049138875,63.93575,0.9704792,0.0010147789120674156
2023-03-10,train,0.06,1.2402786,0.062235937,1.2353153,0.0049632383,60.491943,0.9660823,0.002235936522483828
2023-03-11,train,0.069,1.1826859,0.0607631,1.1774569,0.005228972,57.903282,0.961434,0.00823690170049668
2023-03-12,train,0.077,1.6870234,0.075023405,1.6814082,0.0056152674,81.53269,0.9768579,0.0019765947461128225
2023-03-13,train,0.064,1.3529173,0.06288381,1.347646,0.005271306,65.6502,0.9717753,0.0011161907911300673
2023-03-14,train,0.058,1.3477591,0.061935496,1.3426902,0.0050688814,65.41313,0.9717163,0.003935495585203168
2023-03-15,train,0.061,1.3173834,0.061589472,1.3124075,0.0049759084,64.00949,0.970487,0.0005894719958305372
2023-03-16,train,0.065,1.3141323,0.06185606,1.3091393,0.0049930634,63.849674,0.9704858,0.003143938779830935
2023-03-17,train,0.07,1.2695433,0.06124068,1.2645495,0.0049938383,61.802715,0.9682153,0.008759319484233863
2023-03-18,train,0.067,1.5841583,0.06803052,1.5790455,0.00511274,76.51353,0.97767633,0.001030521273612972
2023-03-19,train,0.063,1.6340665,0.069886416,1.6292818,0.004784689,78.9122,0.97822154,0.00688641619682312
2023-03-20,train,0.06,1.5566883,0.0686807,1.5520328,0.0046554985,75.225266,0.97741354,0.008680703639984133
2023-03-21,train,0.069,1.5133746,0.06784587,1.5088046,0.004569987,73.16899,0.97682357,0.001154126465320593
2023-03-22,train,0.072,1.3847487,0.06529762,1.3802211,0.0045275693,67.107216,0.97395104,0.006702381491661066
2023-03-23,train,0.166,3.2231965,0.1451022,3.21861,0.0045865355,155.66507,0.9799666,0.020897797107696542
2023-03-24,train,0.183,3.772387,0.20248555,3.7657404,0.0066467184,182.11005,0.9799948,0.01948554646968842
2023-03-25,train,0.237,4.047595,0.22429217,4.0392613,0.008333793,195.33144,0.97999763,0.012707826018333424
2023-03-26,train,0.075,2.6368358,0.08945363,2.627369,0.009466848,127.03873,0.979956,0.014453630149364474
2023-03-27,train,0.092,3.4847908,0.109477915,3.476846,0.007944709,168.13899,0.97999144,0.01747791486978531
2023-03-28,train,0.078,2.7327309,0.0774945,2.7242446,0.008486351,131.7325,0.979956,0.0005054979324340819
2023-03-29,train,0.096,3.4259026,0.105363436,3.4182494,0.0076531367,165.30492,0.9799902,0.00936343604326248
2023-03-30,train,0.092,2.9524593,0.08273141,2.9441836,0.008275634,142.36978,0.9799735,0.009268589138984679
2023-03-31,train,0.06,2.3205245,0.06743638,2.312651,0.007873514,111.83457,0.9798907,0.0074363821744918845
2023-04-01,train,0.059,2.2538464,0.06625262,2.247045,0.0068014497,108.67193,0.97985494,0.007252619028091434
2023-04-02,train,0.088,2.8599937,0.07966587,2.853753,0.0062405868,138.01102,0.9799586,0.008334130525588984
2023-04-03,train,0.072,1.7854398,0.06931004,1.7785891,0.0068506906,86.01784,0.9796944,0.002689960718154902
2023-04-04,train,0.154,3.3215024,0.16961734,3.315895,0.005607371,160.36536,0.9799909,0.015617339968681337
2023-04-05,train,0.136,3.069728,0.127595,3.0624995,0.0072284807,148.09386,0.9799872,0.008404992580413828
2023-04-06,train,0.058,1.9672556,0.07331143,1.9596745,0.00758115,94.76057,0.97986805,0.015311433196067807
2023-04-07,train,0.049,1.8932219,0.06626925,1.8870548,0.0061669988,91.26388,0.97981745,0.017269248723983763
2023-04-08,train,0.049,1.8409654,0.06552606,1.83552,0.0054453495,88.77698,0.9797715,0.016526060760021208
2023-04-09,train,0.048,1.7993339,0.06560148,1.7942734,0.0050606024,86.785866,0.9797277,0.01760148298740387
2023-04-10,train,0.045,1.7570678,0.06574427,1.75223,0.0048377174,84.75646,0.97967374,0.020744273364543916
2023-04-11,train,0.047,1.718726,0.065945715,1.7140405,0.004685507,82.91353,0.9796162,0.018945714712142944
2023-04-12,train,0.048,1.70113,0.066479616,1.69656,0.0045700073,82.06994,0.97959244,0.018479615867137908
2023-04-13,train,0.068,1.6356063,0.07255299,1.6311097,0.0044965353,78.91344,0.9794495,0.00455298644304275
2023-04-14,train,0.062,1.5882987,0.06867404,1.5839133,0.0043853354,76.63909,0.9793198,0.006674042820930481
2023-04-15,train,0.153,1.5503409,0.066692285,1.5460591,0.0042817187,74.81583,0.9791972,0.0863077147603035
2023-04-16,train,0.229,1.4884679,0.06566202,1.4842741,0.004193782,71.84314,0.97892743,0.16333798104524613
2023-04-17,train,0.146,1.4135896,0.06496755,1.4094975,0.0040920842,68.25216,0.97846144,0.08103244966268539
2023-04-18,train,0.128,1.4504567,0.06639924,1.4464746,0.003982212,70.02473,0.97876114,0.06160076099634171
2023-04-19,train,0.187,3.2421691,0.16768348,3.2382097,0.0039593866,156.61345,0.9799884,0.01931651782989502
2023-04-20,train,0.1,1.7775877,0.076748446,1.7711937,0.006393878,85.656006,0.97971123,0.023251554369926458
2023-04-21,train,0.074,1.6998532,0.06664446,1.6944582,0.0053948974,81.96566,0.979589,0.007355540037155148
2023-04-22,train,0.07,1.6606089,0.06756,1.6557539,0.004855039,80.100945,0.97951394,0.002439997792243964
2023-04-23,train,0.091,2.7919939,0.10716413,2.7874231,0.004570829,134.80959,0.979963,0.01616412961483002
2023-04-24,train,0.098,1.8044684,0.07285932,1.7984483,0.0060200673,86.97563,0.97975713,0.025140682935714725
2023-04-25,train,0.066,1.7469572,0.07090435,1.7416939,0.00526338,84.2442,0.97968686,0.004904351770877835
2023-04-26,train,0.057,1.6851865,0.06755273,1.680332,0.004854542,81.284615,0.9795859,0.010552730441093443
2023-04-27,train,0.048,1.6229054,0.06696564,1.6183071,0.0045982148,78.29398,0.97944903,0.01896563959121704
2023-04-28,train,0.051,1.600325,0.06739374,1.5959139,0.0044110534,77.214584,0.9793979,0.01639374250173569
2023-04-29,train,0.08,2.650582,0.08468477,2.6462803,0.004301748,127.98813,0.97991955,0.004684766829013823
2023-04-30,train,0.058,1.9984974,0.06881252,1.9927901,0.0057072826,96.39046,0.9796336,0.010812519311904904
2023-05-01,train,0.05,1.9238743,0.06663644,1.918448,0.0054262355,92.81094,0.9794878,0.016636443138122556
2023-05-02,train,0.064,1.885432,0.066581875,1.8802197,0.0052123656,90.969894,0.97939736,0.002581875085830687
2023-05-03,train,0.058,1.8785347,0.06735931,1.87346,0.0050746314,90.64385,0.97939086,0.0093593133687973
2023-05-04,train,0.059,1.837682,0.0675188,1.8326769,0.005005171,88.67972,0.9792733,0.008518800497055057
2023-05-05,train,0.062,1.8043635,0.067741215,1.7994334,0.0049301274,87.07971,0.97916377,0.005741215229034424
2023-05-06,train,0.111,3.8509207,0.14661983,3.8460586,0.0048620477,186.00975,0.9799948,0.035619826555252074
2023-05-07,train,0.118,3.1552815,0.09580415,3.1476192,0.007662338,152.20592,0.97998375,0.022195852577686304
2023-05-08,train,0.064,2.3008022,0.06968507,2.2929063,0.007895889,110.87632,0.97989553,0.005685071706771849
2023-05-09,train,0.051,2.2480175,0.06721616,2.2412357,0.0067819012,108.38933,0.97986954,0.01621615791320801
2023-05-10,train,0.075,3.190361,0.092045985,3.1841404,0.0062205316,153.98947,0.9799801,0.01704598516225815
2023-05-11,train,0.081,2.883852,0.085074775,2.87654,0.0073119435,139.10242,0.9799657,0.004074774920940397
2023-05-12,train,0.058,2.2208617,0.06936917,2.2135072,0.0073545845,107.04333,0.9798548,0.011369167089462277
2023-05-13,train,0.056,2.1660187,0.067598,2.1595826,0.0064362017,104.44576,0.9798166,0.011598000168800353
2023-05-14,train,0.056,2.1311266,0.068097465,2.1251671,0.0059594405,102.7851,0.97978836,0.012097464740276336
2023-05-15,train,0.051,2.0824578,0.067988075,2.0767527,0.0057050055,100.44799,0.97973883,0.016988075315952304
2023-05-16,train,0.052,2.061398,0.06867337,2.0558674,0.00553067,99.44004,0.97971743,0.01667337226867676
2023-05-17,train,0.078,2.093452,0.07985367,2.088025,0.005426867,100.99208,0.97976255,0.0018536688089370729
2023-05-18,train,0.06,2.038412,0.0762682,2.032991,0.005421181,98.33506,0.9796973,0.01626820355653763
2023-05-19,train,0.055,1.9877529,0.07048409,1.9824045,0.005348442,95.894615,0.9796217,0.015484086871147155
2023-05-20,train,0.07,1.981456,0.078962065,1.9762025,0.0052535348,95.59543,0.9796179,0.008962065279483789
2023-05-21,train,0.088,2.6463084,0.090940714,2.6411052,0.0052032364,127.73407,0.9799102,0.002940713882446294
2023-05-22,train,0.089,2.3810503,0.08610962,2.3749523,0.006098046,114.85887,0.9798462,0.0028903766870498615
2023-05-23,train,0.082,1.9689927,0.07203099,1.9628731,0.0061196294,94.947365,0.9795952,0.009969008684158329
2023-05-24,train,0.072,1.9423517,0.07314726,1.936784,0.005567719,93.693405,0.9795499,0.001147259652614599
2023-05-25,train,0.076,2.7388375,0.08888894,2.7335448,0.005292697,132.2068,0.97990364,0.01288894319534302
2023-05-26,train,0.069,1.9576265,0.07244545,1.9513546,0.0062718415,94.38987,0.9795637,0.0034454522132873477
2023-05-27,train,0.1,1.8869594,0.0700784,1.881336,0.005623511,91.02236,0.9794004,0.029921597242355352
2023-05-28,train,0.102,1.852281,0.07028401,1.8470247,0.0052562617,89.37119,0.97930527,0.03171599102020263
2023-05-29,train,0.075,1.8219101,0.07085442,1.8168528,0.0050572967,87.91901,0.9792105,0.004145582020282743
2023-05-30,train,0.075,1.7757968,0.070999935,1.770859,0.004937818,85.707085,0.9790302,0.004000064730644223
2023-05-31,train,0.08,1.7487155,0.07160255,1.7438755,0.004840021,84.410126,0.9789132,0.008397446870803835
2023-06-01,train,0.08,1.7374129,0.07268838,1.7326417,0.0047712787,83.869644,0.97887164,0.007311621606349947
2023-06-02,train,0.069,1.7188606,0.073580876,1.7141314,0.004729295,82.98001,0.9787855,0.004580875992774958
2023-06-03,train,0.128,2.630338,0.114976704,2.6256444,0.0046935393,126.98701,0.97992504,0.013023295879364016
2023-06-04,train,0.128,2.2216938,0.10249252,2.215845,0.0058487505,107.16113,0.97985905,0.025507481276988986
2023-06-05,train,0.069,1.5551996,0.07625988,1.5494218,0.0057778875,74.96733,0.9792425,0.0072598812580108585
2023-06-06,train,0.063,1.5048244,0.07359062,1.499973,0.004851316,72.59415,0.97904634,0.01059062135219574
2023-06-07,train,0.068,1.4803119,0.08230187,1.4759209,0.004390922,71.437996,0.97894216,0.014301869988441462
2023-06-08,train,0.082,1.4582528,0.07756131,1.4540886,0.004164275,70.38801,0.97883886,0.0044386885762214695
2023-06-09,train,0.074,1.4329538,0.08033828,1.428911,0.0040428797,69.1777,0.9787027,0.006338276922702793
2023-06-10,train,0.078,1.416119,0.07895135,1.4121535,0.0039655073,68.37213,0.97861075,0.0009513513445854188
2023-06-11,train,0.074,1.3613043,0.07589266,1.357389,0.003915319,65.74527,0.97818816,0.0018926570415496863
2023-06-12,train,0.074,1.31572,0.075620465,1.3118689,0.0038510598,63.566044,0.9777415,0.001620464980602268
2023-06-13,train,0.072,1.3299526,0.077826604,1.3261583,0.003794334,64.24737,0.97793865,0.005826604247093206
2023-06-14,train,0.078,1.3025163,0.08201519,1.2987432,0.0037730795,62.93487,0.9776587,0.004015186548233032
2023-06-15,train,0.077,1.3008463,0.08028129,1.2970994,0.003746931,62.854355,0.9776755,0.00328128743171692
2023-06-16,train,0.076,1.3253847,0.094473496,1.3216536,0.0037311716,64.02641,0.9779875,0.018473496079444887
2023-06-17,train,0.087,2.8119662,0.11898407,2.8082328,0.003733426,135.82175,0.9799445,0.03198407340049744
2023-06-18,train,0.116,2.9537497,0.1231125,2.9480639,0.005685704,142.56723,0.97997075,0.007112499713897699
2023-06-19,train,0.104,1.6785566,0.08124933,1.6718148,0.006741793,80.86331,0.9795155,0.022750673532485957
2023-06-20,train,0.082,1.5863862,0.074382864,1.580961,0.0054251896,76.498116,0.97925407,0.007617136061191562
2023-06-21,train,0.082,1.527774,0.07326589,1.5230336,0.0047403863,73.71261,0.979021,0.008734112203121189
2023-06-22,train,0.132,1.5757657,0.08520574,1.5713856,0.004380066,76.04399,0.9791712,0.04679425877332688
2023-06-23,train,0.111,2.3336754,0.10008434,2.3293977,0.0042778053,112.66719,0.97984564,0.010915657937526704
2023-06-24,train,0.13,2.4329405,0.11107258,2.427688,0.005252577,117.40827,0.9799016,0.018927422463893895
2023-06-25,train,0.08,1.5994108,0.084240414,1.5935962,0.005814498,77.09837,0.9793191,0.004240414202213286
2023-06-26,train,0.077,1.5573217,0.08717238,1.5523965,0.004925075,75.12229,0.9791794,0.010172381579875947
2023-06-27,train,0.074,1.5128332,0.08143676,1.5083461,0.004487112,73.00382,0.9789947,0.0074367607235908545
2023-06-28,train,0.078,1.4662079,0.07980004,1.461958,0.004249765,70.77423,0.9787518,0.0018000395298004152
2023-06-29,train,0.074,1.815548,0.07879784,1.8114462,0.004101703,87.67377,0.9790627,0.004797839581966404
2023-06-30,train,0.069,1.8088247,0.08072601,1.8042954,0.0045291884,87.32512,0.9790469,0.011726012587547296
2023-07-01,train,0.064,2.4063208,0.09309586,2.4016118,0.004709006,116.1745,0.9796838,0.029095861375331877
2023-07-02,train,0.07,1.781205,0.081204996,1.77563,0.005575106,85.94245,0.97889704,0.011204995512962335
2023-07-03,train,0.075,1.7541531,0.084131464,1.7490077,0.0051454636,84.66872,0.97876817,0.009131464362144473
2023-07-04,train,0.082,1.7268646,0.08229129,1.7219334,0.0049312487,83.369865,0.97861993,0.000291290163993832
2023-07-05,train,0.073,1.7261255,0.084472045,1.7213106,0.004814831,83.33848,0.97864056,0.011472045302391057
2023-07-06,train,0.068,1.6631329,0.08398195,1.6583726,0.0047602886,80.32389,0.9781835,0.015981953561305995
2023-07-07,train,0.065,1.6143068,0.08377163,1.6096115,0.004695298,77.99376,0.9777327,0.018771631121635435
2023-07-08,train,0.065,1.6118628,0.085900456,1.6072193,0.0046434156,77.877144,0.9777453,0.020900455713272093
2023-07-09,train,0.065,1.5570388,0.08537681,1.5524235,0.004615288,75.26581,0.9770962,0.020376806557178495
2023-07-10,train,0.07,1.5660628,0.08797719,1.5614736,0.004589187,75.69291,0.9772692,0.01797719329595565
2023-07-11,train,0.069,1.4847943,0.08566409,1.4802215,0.0045727827,71.83722,0.97598296,0.016664093494415277
2023-07-12,train,0.078,1.4819975,0.087230064,1.4774249,0.0045726276,71.70089,0.975991,0.00923006397485733
2023-07-13,train,0.069,1.4100871,0.08493472,1.4055202,0.0045668525,68.312225,0.9743536,0.01593471890687942
2023-07-14,train,0.076,1.3525677,0.082888246,1.3479581,0.004609565,65.61934,0.97258383,0.006888245582580568
2023-07-15,train,0.093,1.3858149,0.08817838,1.3811166,0.0046982667,67.15847,0.9738048,0.004821618676185607
2023-07-16,train,0.153,2.8574274,0.13784342,2.852749,0.004678247,137.97502,0.9799071,0.015156584858894345
2023-07-17,train,0.15,1.9518967,0.103940256,1.9457237,0.0061730556,94.12092,0.97951114,0.046059744060039515
2023-07-18,train,0.092,2.4892623,0.11161815,2.4836826,0.005579614,120.13508,0.9797526,0.01961814630031586
2023-07-19,train,0.086,1.8983157,0.10719854,1.8922515,0.006064144,91.54931,0.9793591,0.021198536396026618
2023-07-20,train,0.126,1.8154144,0.09583816,1.8099414,0.005473012,87.59462,0.97906536,0.030161840677261353
2023-07-21,train,0.106,1.7157712,0.09023807,1.7106423,0.0051288735,82.83033,0.9785155,0.015761928021907803
2023-07-22,train,0.086,1.6676389,0.08952887,1.6627414,0.004897484,80.5371,0.97816056,0.003528873562812812
2023-07-23,train,0.088,1.6056187,0.08828481,1.6008536,0.0047652037,77.58163,0.97755647,0.0002848128676414541
2023-07-24,train,0.086,1.5757453,0.0888357,1.5710645,0.0046808743,76.16081,0.9772245,0.002835701346397407
2023-07-25,train,0.072,1.535165,0.08871042,1.5305309,0.004633987,74.23262,0.9766739,0.01671041983366013
2023-07-26,train,0.082,1.4521949,0.08539772,1.447586,0.00460885,70.3108,0.9750775,0.003397720336914059
2023-07-27,train,0.1,1.3500168,0.08005185,1.3453882,0.0046286033,65.531235,0.9719658,0.019948153197765356
2023-07-28,train,0.08,1.4271393,0.08706888,1.4223762,0.0047631823,69.11372,0.9746172,0.0070688781142234786
2023-07-29,train,0.095,1.4035724,0.08808335,1.3988729,0.0046995557,68.00705,0.97405434,0.0069166508316993724
2023-07-30,train,0.111,2.8557703,0.11458575,2.851084,0.0046864413,137.89952,0.9798667,0.003585749804973601
2023-07-31,train,0.109,1.7675633,0.09193185,1.7613807,0.0061827106,85.25948,0.9787471,0.017068150281906128
2023-08-01,train,0.103,2.0712814,0.10193949,2.0658703,0.005411075,99.959854,0.9793396,0.0010605080723762456
2023-08-02,train,0.096,1.7679898,0.09368296,1.762545,0.005444766,85.31992,0.9787952,0.0023170403242111226
2023-08-03,train,0.088,1.2329156,0.08674668,1.2278349,0.0050806827,59.58583,0.97592914,0.0012533222436904856
2023-08-04,train,0.077,1.0762987,0.076469466,1.071935,0.004363699,52.26538,0.97081816,0.0005305339097976675
2023-08-05,train,0.09,1.0687462,0.07725081,1.0645633,0.0041829646,51.914074,0.9706371,0.012749191522598263
2023-08-06,train,0.081,0.97721887,0.07193571,0.973116,0.004102891,47.705566,0.96485734,0.00906428670883179
2023-08-07,train,0.07,0.9205711,0.06851901,0.9162775,0.004293573,45.132256,0.9596623,0.0014809888601303167
2023-08-08,train,0.08,1.0698571,0.08358751,1.0652657,0.0045914454,51.91687,0.9712206,0.0035875123739242537
2023-08-09,train,0.078,0.9840234,0.078634836,0.9797854,0.004238008,47.971405,0.9662384,0.0006348357796669007
2023-08-10,train,0.114,2.5525749,0.12830843,2.548307,0.0042679794,123.2563,0.9798512,0.014308430314064022
2023-08-11,train,0.144,1.4902,0.104055226,1.4846361,0.0055639306,71.855705,0.97884023,0.03994477415084838
2023-08-12,train,0.109,2.2851164,0.1358063,2.2804105,0.004705912,110.30003,0.97981054,0.026806307196617127
2023-08-13,train,0.133,2.272926,0.13203044,2.2675517,0.0053745145,109.67209,0.9798019,0.0009695576429367136
2023-08-14,train,0.084,1.5403985,0.114983946,1.5347455,0.005653081,74.267,0.9790927,0.03098394608497619
2023-08-15,train,0.08,1.4506973,0.10242459,1.4459054,0.0047918456,70.00426,0.9786132,0.02242459177970886
2023-08-16,train,0.08,1.3706242,0.09175528,1.3662949,0.004329301,66.18942,0.9779651,0.011755278408527373
2023-08-17,train,0.083,1.2795668,0.08263308,1.2754977,0.004069072,61.85483,0.97681683,0.0003669219017028852
2023-08-18,train,0.089,1.2140863,0.079265155,1.2101678,0.003918565,58.75044,0.9756148,0.00973484510183334
2023-08-19,train,0.082,1.1963327,0.07739825,1.1924822,0.0038504428,57.90867,0.9752925,0.004601751983165744
2023-08-20,train,0.116,2.4540799,0.109360635,2.450262,0.0038177385,118.521866,0.9797933,0.006639364719390875
2023-08-21,train,0.091,1.4026885,0.08726373,1.397454,0.005234451,67.67432,0.9782122,0.0037362668514251685
2023-08-22,train,0.088,1.5680722,0.09638777,1.5635793,0.0044928784,75.68879,0.97883624,0.008387766301631933
2023-08-23,train,0.08,2.4866965,0.10193664,2.4823434,0.0043531423,120.07042,0.97980434,0.021936638355255125
2023-08-24,train,0.078,1.4490565,0.08346802,1.4435424,0.005514198,69.88579,0.9785384,0.005468019962310791
2023-08-25,train,0.07,1.372104,0.0779146,1.3674507,0.0046533556,66.248146,0.9778985,0.007914603054523461
2023-08-26,train,0.064,1.3385917,0.0771117,1.3343724,0.0042193355,64.66629,0.9775682,0.013111698687076567
2023-08-27,train,0.093,2.653274,0.11687585,2.649265,0.0040089083,128.13783,0.97988975,0.023875849664211274
2023-08-28,train,0.145,2.717884,0.1407104,2.7122955,0.005588512,131.16835,0.9799379,0.004289601445198049
2023-08-29,train,0.148,2.820691,0.1566867,2.8143249,0.0063663227,136.09848,0.9799604,0.008686693429946907
2023-08-30,train,0.079,1.5833824,0.08731437,1.5765328,0.006849496,76.27531,0.97920537,0.008314367294311523
2023-08-31,train,0.065,1.5020485,0.07622804,1.4966809,0.0053676404,72.44663,0.9788455,0.01122803747653961
2023-09-01,train,0.064,1.4914607,0.077689976,1.4868264,0.0046343133,71.97385,0.9788169,0.01368997550010681
2023-09-02,train,0.063,1.4308773,0.07516911,1.4265761,0.004301208,69.08095,0.97843456,0.012169108808040618
2023-09-03,train,0.065,1.3735287,0.07284953,1.3694252,0.0041035214,66.34203,0.9779556,0.007849527001380918
2023-09-04,train,0.064,1.291452,0.06821075,1.287476,0.0039761383,62.42806,0.97695494,0.004210750818252562
2023-09-05,train,0.062,1.4152758,0.07430551,1.411391,0.003884737,68.37398,0.9779948,0.012305512011051178
2023-09-06,train,0.087,2.2223556,0.10877508,2.2184134,0.003942347,107.30981,0.9797378,0.0217750792503357
2023-09-07,train,0.095,1.492235,0.09721155,1.487273,0.0049619167,71.9809,0.97893584,0.0022115471959114064
2023-09-08,train,0.079,1.6311723,0.08709573,1.6267378,0.0044345167,78.736855,0.978976,0.008095730006694793
2023-09-09,train,0.073,1.3352079,0.07379794,1.3308008,0.004407184,64.48103,0.977738,0.0007979412078857467
2023-09-10,train,0.072,1.3427685,0.07859007,1.3386991,0.0040694727,64.85782,0.97788155,0.006590072691440588
2023-09-11,train,0.069,1.2686957,0.070256114,1.2647765,0.0039192867,61.32686,0.9769647,0.0012561140060424747
2023-09-12,train,0.067,1.2518665,0.07004048,1.2480454,0.0038210219,60.526634,0.97676575,0.003040479302406307
2023-09-13,train,0.072,1.3605253,0.089794,1.3567569,0.0037683686,65.714386,0.9782052,0.017794002473354345
2023-09-14,train,0.179,2.7305965,0.16836368,2.7268128,0.003783736,131.88252,0.9799487,0.010636324524879448
2023-09-15,train,0.157,2.938739,0.18710218,2.9331493,0.005589812,141.84622,0.9799743,0.03010218369960785
2023-09-16,train,0.09,1.665357,0.09298603,1.6586797,0.0066772914,80.22705,0.9795284,0.002986032366752628
2023-09-17,train,0.068,1.6013159,0.08049166,1.5959399,0.0053760046,77.21494,0.9793736,0.012491662025451655
2023-09-18,train,0.062,1.5355664,0.07647936,1.5308393,0.004727164,74.08145,0.97915494,0.014479360461235047
2023-09-19,train,0.061,1.4511362,0.07169736,1.4467652,0.00437105,70.03898,0.9787414,0.010697361767292024
2023-09-20,train,0.064,1.4041818,0.06960613,1.400049,0.0041328645,67.79592,0.9784431,0.005606132805347441
2023-09-21,train,0.064,1.3528365,0.06728603,1.348849,0.0039874604,65.34116,0.97802526,0.003286029458045958
2023-09-22,train,0.062,1.3046603,0.0650429,1.3007748,0.0038855218,63.040474,0.97752917,0.003042898058891297
2023-09-23,train,0.059,1.2914248,0.06555255,1.2876127,0.0038120444,62.409016,0.9774175,0.006552547574043277
2023-09-24,train,0.062,1.2716001,0.06568718,1.2678311,0.0037689856,61.461964,0.97720486,0.003687179565429688
2023-09-25,train,0.073,2.163049,0.07799594,2.1593113,0.0037377002,104.47716,0.9794689,0.00499594104290009
2023-09-26,train,0.073,1.3811333,0.06631731,1.3763051,0.0048282584,66.64759,0.97829497,0.006682687580585475
2023-09-27,train,0.067,1.3194673,0.061044667,1.3151948,0.004272431,63.727104,0.977722,0.005955333083868031
2023-09-28,train,0.074,1.3553778,0.06503393,1.3513918,0.0039860555,65.457,0.9781557,0.008966072440147396
2023-09-29,train,0.084,2.115268,0.0895624,2.1113925,0.0038756104,102.145096,0.979606,0.005562401175498957
2023-09-30,train,0.066,1.2917662,0.060291767,1.2869692,0.0047970205,62.371952,0.9773864,0.005708232879638675
2023-10-01,train,0.065,1.2792511,0.057996005,1.2750461,0.0042049335,61.806103,0.9772866,0.007003995180130007
2023-10-02,train,0.067,1.2253946,0.055298716,1.2214618,0.003932819,59.251854,0.9764903,0.01170128417015076
2023-10-03,train,0.063,1.2421252,0.057873454,1.2383276,0.00379753,60.05014,0.97686297,0.005126546055078507
2023-10-04,train,0.063,1.2468095,0.060009703,1.2430766,0.0037328969,60.2725,0.97701037,0.0029902969598770146
2023-10-05,train,0.062,1.2079788,0.058584925,1.2042799,0.003698984,58.422615,0.97641385,0.003415075212717056
2023-10-06,train,0.058,1.1780063,0.055330355,1.1743336,0.0036726713,56.996796,0.9758883,0.0026696452796459227
2023-10-07,train,0.067,1.2345188,0.06520626,1.2308631,0.0036556202,59.67981,0.97702014,0.0017937405109405558
2023-10-08,train,0.07,1.4404582,0.07527432,1.4368143,0.0036438727,69.590164,0.978259,0.005274318456649774
2023-10-09,train,0.062,1.2754825,0.0681267,1.2716337,0.0038487674,61.619503,0.97766393,0.006126700818538666
2023-10-10,train,0.07,1.263922,0.06881198,1.2601856,0.0037363304,61.07103,0.9775718,0.001188017129898078
2023-10-11,train,0.056,1.2082851,0.060328368,1.2046084,0.003676655,58.417625,0.97681004,0.004328368097543715
2023-10-12,train,0.053,1.1929196,0.059888605,1.1892914,0.003628211,57.685448,0.9766076,0.006888605028390886
2023-10-13,train,0.052,1.1674298,0.05907861,1.1638308,0.0035990647,56.47185,0.97618717,0.007078611433506014
2023-10-14,train,0.05,1.1362264,0.05770826,1.132647,0.0035793735,54.989117,0.97557324,0.007708259671926496
2023-10-15,train,0.051,1.1118789,0.05672079,1.1083105,0.0035684197,53.833534,0.97503793,0.005720789521932605
2023-10-16,train,0.049,1.0496026,0.052862007,1.0460382,0.0035644807,50.896133,0.9731367,0.0038620071709156018
2023-10-17,train,0.052,1.0525796,0.053523194,1.0489821,0.0035975426,51.028996,0.97335446,0.0015231940448284173
2023-10-18,train,0.053,1.1327041,0.06042536,1.1291032,0.0036009266,54.80652,0.9757789,0.007425359755754472
2023-10-19,train,0.053,1.1635773,0.06895016,1.1600227,0.0035545484,56.272213,0.97648054,0.01595016133785248
2023-10-20,val,0.07,1.4211459,0.07594483,1.4176177,0.0035281805,68.6745,0.9780396,0.0059448334574699335
2023-10-21,val,0.061,1.126113,0.05640527,1.1223224,0.0037906603,54.48722,0.9755461,0.0045947313904762255
2023-10-22,val,0.054,1.0967216,0.054198086,1.093076,0.0036456436,53.101974,0.9748562,0.0001980862617492682
2023-10-23,val,0.05,1.0375869,0.050728723,1.0340015,0.0035854615,50.317726,0.9729762,0.0007287234067916842
2023-10-24,val,0.05,1.0479028,0.05197563,1.0443072,0.0035956204,50.796974,0.97345376,0.0019756302237510653
2023-10-25,val,0.05,1.0238109,0.051204067,1.0202274,0.0035834056,49.663837,0.9726066,0.001204066723585126
2023-10-26,val,0.045,1.0432303,0.05323301,1.0396345,0.003595802,50.570244,0.9734392,0.008233008831739427
2023-10-27,val,0.102,2.1828566,0.09885827,2.179281,0.0035756344,105.42219,0.9796998,0.0031417329311370784
2023-10-28,val,0.074,1.2648971,0.05592736,1.2601476,0.004749588,61.069344,0.9774167,0.018072641432285305
2023-10-29,val,0.061,1.2655718,0.054105535,1.2614341,0.004137773,61.13518,0.9774871,0.006894464850425719
2023-10-30,val,0.059,1.1848847,0.050049342,1.1810223,0.003862329,57.30375,0.976225,0.00895065778493881
2023-10-31,val,0.068,1.134134,0.04768666,1.130413,0.003721037,54.902267,0.9751355,0.02031334120035172
2023-11-01,val,0.066,1.1907262,0.05241246,1.187063,0.0036631934,57.58395,0.9764794,0.013587538510560992
2023-11-02,val,0.059,1.1694536,0.05273158,1.1658317,0.003621953,56.57214,0.9761244,0.006268418967723843
2023-11-03,val,0.065,1.1050693,0.04967431,1.101471,0.0035982896,53.522564,0.9745987,0.015325690209865572
2023-11-04,val,0.067,1.1252726,0.05179537,1.1216717,0.0036010095,54.47246,0.97524065,0.015204629123210911
2023-11-05,val,0.057,1.0866743,0.050501216,1.0830882,0.0035861284,52.64757,0.974213,0.006498783797025683
2023-11-06,val,0.064,1.0567169,0.049373806,1.0531242,0.0035927875,51.234547,0.97327137,0.0146261944770813
2023-11-07,val,0.056,0.9988283,0.046419397,0.99521506,0.0036132592,48.524544,0.9708278,0.009580603003501893
2023-11-08,val,0.115,2.0222661,0.08795447,2.0185754,0.0036907564,97.65899,0.9795526,0.027045530974864965
2023-11-09,val,0.067,1.2211261,0.054921165,1.2165383,0.0045877392,58.988426,0.97682303,0.012078834891319279
2023-11-10,val,0.147,2.9043477,0.15086667,2.900299,0.004048488,140.27147,0.9799699,0.0038666723966598593
2023-11-11,val,0.124,1.5596368,0.06836364,1.5536861,0.005950678,75.16299,0.9793192,0.05563636326789856
2023-11-12,val,0.075,1.4433805,0.05496384,1.4384534,0.004927036,69.63034,0.97880596,0.02003616169095039
2023-11-13,val,0.057,1.3767222,0.05001322,1.3723657,0.0043565254,66.460075,0.9783559,0.006986778199672701
2023-11-14,val,0.054,1.385024,0.051376164,1.3809729,0.004051041,66.87175,0.97845644,0.0026238360404968256
2023-11-15,val,0.053,1.3866402,0.053077944,1.3827198,0.0039204154,66.95394,0.97849804,7.794362306594999e-05
2023-11-16,val,0.054,1.3639259,0.053597335,1.3600643,0.0038616545,65.86602,0.9783416,0.00040266522765159546
2023-11-17,val,0.047,1.3182707,0.05359778,1.3144543,0.003816404,63.68035,0.97793365,0.006597781807184219
2023-11-18,val,0.055,1.2582008,0.051546574,1.254436,0.0037647507,60.81192,0.97721404,0.0034534263610839847
2023-11-19,val,0.046,1.2478689,0.0522739,1.2441559,0.0037129896,60.319626,0.97710574,0.0062738993167877205
2023-11-20,val,0.071,1.2304202,0.052810602,1.226737,0.0036832488,59.48748,0.97687453,0.018189398109912866
2023-11-21,val,0.072,1.199141,0.052405033,1.1954787,0.0036623178,57.998444,0.9763609,0.019594966739416117
2023-11-22,val,0.085,1.1736878,0.052205805,1.1700416,0.0036462133,56.788612,0.9758862,0.03279419526457787
2023-11-23,val,0.059,1.1937021,0.05487351,1.1900654,0.0036366885,57.735897,0.9763596,0.004126488804817197
2023-11-24,val,0.065,1.1645752,0.054633394,1.1609493,0.0036258367,56.35196,0.9757949,0.010366606116294863
2023-11-25,val,0.06,1.1492746,0.054920293,1.1456549,0.003619728,55.62497,0.97548705,0.005079706609249113
2023-11-26,val,0.064,1.1591568,0.056854647,1.1555405,0.003616342,56.09037,0.97577494,0.007145353347063066
2023-11-27,val,0.061,1.1394414,0.056956567,1.1358335,0.0036078184,55.15509,0.97534657,0.004043433129787444
2023-11-28,val,0.048,1.1539418,0.059077427,1.1503363,0.003605501,55.839176,0.9757466,0.0110774267911911
2023-11-29,val,0.048,1.1350529,0.059127443,1.1314565,0.003596367,54.943504,0.97532725,0.01112744253873825
2023-11-30,val,0.054,1.1148702,0.0559661,1.1112759,0.0035942937,53.98814,0.9748212,0.0019661015868186957
2023-12-01,val,0.049,1.0592177,0.05518522,1.0556188,0.0035989545,51.369278,0.9729872,0.006185221135616301
2023-12-02,val,0.048,1.0540287,0.05579913,1.0503857,0.0036429774,51.12189,0.9728226,0.007799130350351333
2023-12-03,val,0.049,1.0568528,0.054347027,1.0531878,0.0036649497,51.251213,0.9729727,0.0053470270931720715
2023-12-04,val,0.088,2.1369345,0.09384095,2.1332662,0.0036683814,103.19806,0.97967064,0.005840949237346654
2023-12-05,val,0.06,1.2810404,0.061193176,1.2763126,0.004727846,61.85457,0.9773975,0.0011931756138801597
2023-12-06,val,0.053,1.2118084,0.055273294,1.2076523,0.0041561616,58.591637,0.9762885,0.0022732944488525406
2023-12-07,val,0.047,1.1756576,0.05413727,1.171768,0.003889724,56.88985,0.97554207,0.007137270897626877
2023-12-08,val,0.049,1.169814,0.055340655,1.1660378,0.0037761685,56.616463,0.97544986,0.0063406551480293255
2023-12-09,val,0.053,1.1901731,0.05840983,1.1864488,0.0037243227,57.580486,0.97597134,0.005409828692674638
2023-12-10,val,0.05,1.2325773,0.063011914,1.2288852,0.0036921462,59.59401,0.9768311,0.01301191449165344
2023-12-11,val,0.065,1.1226947,0.057914406,1.1190209,0.0036737537,54.391632,0.9742687,0.007085593938827517
2023-12-12,val,0.051,1.0747552,0.055679895,1.0710616,0.0036936197,52.140717,0.9725638,0.004679894983768466
2023-12-13,val,0.045,1.047487,0.055022657,1.0437386,0.0037483594,50.864834,0.9713798,0.010022656917572023
2023-12-14,val,0.047,1.1440482,0.062684886,1.1402383,0.00380989,55.384586,0.97501475,0.015684886157512665
2023-12-15,val,0.049,1.1062266,0.062230095,1.1024964,0.0037301304,53.60692,0.97388226,0.013230095267295836
2023-12-16,val,0.054,1.0946352,0.06122746,1.0909162,0.00371907,53.062065,0.97350097,0.007227459460496903
2023-12-17,val,0.039,1.0785571,0.056014787,1.0748339,0.0037232111,52.307785,0.97290903,0.017014787405729294
2023-12-18,val,0.037,1.0760318,0.055954743,1.0722904,0.0037413447,52.187817,0.9728252,0.018954743176698687
2023-12-19,val,0.044,1.1197622,0.06295027,1.1160111,0.0037509988,54.238045,0.9744048,0.018950268387794497
2023-12-20,val,0.037,1.0610462,0.059230104,1.0573355,0.0037107612,51.489098,0.97220767,0.022230104088783266
2023-12-21,val,0.034,1.0392073,0.059391517,1.0354508,0.00375649,50.470776,0.97116387,0.025391517192125318
2023-12-22,val,0.039,1.0566673,0.061874583,1.0528544,0.0038128933,51.280006,0.9719948,0.02287458336353302
2023-12-23,val,0.033,1.0080692,0.06013825,1.0042601,0.0038090937,49.02983,0.9693801,0.02713825163245201
2023-12-24,val,0.048,1.085448,0.066162065,1.0815439,0.0039041,52.6205,0.9731744,0.018162064671516417
2023-12-25,val,0.048,1.1322825,0.07070476,1.1284697,0.0038128414,54.82631,0.97475135,0.022704758167266845
2023-12-26,val,0.043,1.1047559,0.070326164,1.1010239,0.0037319853,53.537106,0.97384614,0.027326164364814762
2023-12-27,val,0.044,1.0762453,0.0692894,1.0725253,0.0037200754,52.204292,0.97272426,0.025289401173591616
2023-12-28,val,0.043,1.0186653,0.06622778,1.0149152,0.0037501226,49.531868,0.96978974,0.02322777879238129
2023-12-29,val,0.046,1.1021882,0.071867816,1.0983173,0.003870931,53.413834,0.9736482,0.025867816150188447
2023-12-30,val,0.055,1.0836025,0.0706579,1.0798103,0.0037923167,52.55063,0.9728931,0.01565790146589279
2023-12-31,val,0.081,1.0463216,0.06969718,1.042539,0.003782628,50.818287,0.9711239,0.01130282109975815
