cumulative_area_fraction,cumulative_contribution_fraction
0.0012738853503184713,0.03928513881894778
0.0025477707006369425,0.05719883462325686
0.003821656050955414,0.07466844534275481
0.005095541401273885,0.09203776663057095
0.006369426751592357,0.10657989320613201
0.007643312101910828,0.12044118367538949
0.008917197452229299,0.13409520182125448
0.01019108280254777,0.14515845206528685
0.011464968152866241,0.1546920732622296
0.012738853503184714,0.1638493122220338
0.014012738853503185,0.16681010052016232
0.015286624203821656,0.16975487732437253
0.016560509554140127,0.17268914233070481
0.017834394904458598,0.17555158804300874
0.01910828025477707,0.17840421724125324
0.02038216560509554,0.18123628291282862
0.02165605095541401,0.1840191509273345
0.022929936305732482,0.18678958104870708
0.024203821656050957,0.18955477387771089
0.025477707006369428,0.19228342276118082
0.0267515923566879,0.19499271104468638
0.02802547770700637,0.19768577550339617
0.02929936305732484,0.20037525435448644
0.030573248407643312,0.20305903359295047
0.03184713375796178,0.20573531855339075
0.033121019108280254,0.20839902234399627
0.034394904458598725,0.2110603808707938
0.035668789808917196,0.21366279098527025
0.03694267515923567,0.21623486086796911
0.03821656050955414,0.2186133048974143
0.03949044585987261,0.2209670232378677
0.04076433121019108,0.22328643951208726
0.04203821656050955,0.22548253782264033
0.04331210191082802,0.22757190989879125
0.044585987261146494,0.22962949386874396
0.045859872611464965,0.23168661620059075
0.04713375796178344,0.23372022715998958
0.048407643312101914,0.23571496241199363
0.049681528662420385,0.23770916223683936
0.050955414012738856,0.2396998535472255
0.05222929936305733,0.24168294737868934
0.0535031847133758,0.2436580334518112
0.05477707006369427,0.24563049006582646
0.05605095541401274,0.24759311614171425
0.05732484076433121,0.24954688431615354
0.05859872611464968,0.25147689065771617
0.05987261146496815,0.2533946648649428
0.061146496815286625,0.2553112900491801
0.062420382165605096,0.25721608287530456
0.06369426751592357,0.25911599577891287
0.06496815286624204,0.260984050410272
0.06624203821656051,0.26284357826995863
0.06751592356687898,0.26468830804617477
0.06878980891719745,0.26652780448591334
0.07006369426751592,0.26836550720573255
0.07133757961783439,0.27020282191225165
0.07261146496815286,0.2719982088671004
0.07388535031847134,0.2737921019645459
0.0751592356687898,0.27557842853173675
0.07643312101910828,0.2773594961742101
0.07770700636942675,0.27913390514742975
0.07898089171974522,0.280900847262168
0.08025477707006369,0.2826357366004734
0.08152866242038216,0.28436196783600337
0.08280254777070063,0.2860747259032951
0.0840764331210191,0.28777154532068516
0.08535031847133757,0.2894615805394095
0.08662420382165605,0.29115010882828946
0.08789808917197452,0.29283154562547664
0.08917197452229299,0.2945012293660449
0.09044585987261146,0.29616627190192973
0.09171974522292993,0.29782904949470784
0.0929936305732484,0.29948170312474454
0.09426751592356689,0.301130977875393
0.09554140127388536,0.3027725567747042
0.09681528662420383,0.304397563108446
0.0980891719745223,0.3060207437867982
0.09936305732484077,0.30764181768108806
0.10063694267515924,0.3092572798513504
0.10191082802547771,0.3108705344228606
0.10318471337579618,0.312480307311002
0.10445859872611465,0.31408380248717654
0.10573248407643313,0.31567488787232706
0.1070063694267516,0.3172640656006872
0.10828025477707007,0.31883740437708447
0.10955414012738854,0.3203968291688457
0.11082802547770701,0.32195621639364447
0.11210191082802548,0.3235133541914556
0.11337579617834395,0.325062036473144
0.11464968152866242,0.3266098533788081
0.1159235668789809,0.32815541649038543
0.11719745222929936,0.32969689745394654
0.11847133757961784,0.33123345709429514
0.1197452229299363,0.33275706843001834
0.12101910828025478,0.33427970260893114
0.12229299363057325,0.3357995567836195
0.12356687898089172,0.33731815737118587
0.12484076433121019,0.3388361997399098
0.12611464968152866,0.3403443043255108
0.12738853503184713,0.34185037918039846
0.1286624203821656,0.3433560134307836
0.12993630573248408,0.3448488177967224
0.13121019108280255,0.34634006891400454
0.13248407643312102,0.34782558248330725
0.1337579617834395,0.34930806674555503
0.13503184713375796,0.3507901411263635
0.13630573248407643,0.35227183632722736
0.1375796178343949,0.353747869083112
0.13885350318471337,0.3552187774997971
0.14012738853503184,0.35668493630488735
0.14140127388535031,0.35814990933091173
0.14267515923566879,0.3596143878744562
0.14394904458598726,0.36107776469674885
0.14522292993630573,0.3625348741471854
0.1464968152866242,0.3639915682633164
0.14777070063694267,0.36544614959164945
0.14904458598726114,0.36689993179171204
0.1503184713375796,0.3683528479638656
0.15159235668789808,0.3698046027678618
0.15286624203821655,0.3712561626069402
0.15414012738853503,0.37270404438442506
0.1554140127388535,0.3741452349366833
0.15668789808917197,0.3755863650386836
0.15796178343949044,0.3770252019838084
0.1592356687898089,0.37846357246996004
0.16050955414012738,0.37989790629390324
0.16178343949044585,0.3813222304820247
0.16305732484076432,0.3827463710082881
0.1643312101910828,0.3841693630152065
0.16560509554140126,0.3855883415887765
0.16687898089171974,0.3869963549720895
0.1681528662420382,0.3884028708521289
0.16942675159235668,0.38980517666719416
0.17070063694267515,0.39120241161598385
0.17197452229299362,0.39259719279568245
0.1732484076433121,0.39398700404248166
0.17452229299363056,0.3953729913523596
0.17579617834394903,0.39674475905524603
0.1770700636942675,0.39811272806526876
0.17834394904458598,0.39948025954854804
0.17961783439490445,0.40084492135571875
0.18089171974522292,0.4022081624595398
0.1821656050955414,0.4035707475776868
0.18343949044585986,0.404932787388165
0.18471337579617833,0.40628631974770957
0.1859872611464968,0.4076393217414678
0.18726114649681527,0.40898897852736477
0.18853503184713377,0.4103381649213027
0.18980891719745224,0.4116824518180735
0.1910828025477707,0.41302551023408085
0.19235668789808918,0.414367727491565
0.19363057324840766,0.41570632909390254
0.19490445859872613,0.4170431526907344
0.1961783439490446,0.4183778253934953
0.19745222929936307,0.4197114372778202
0.19872611464968154,0.4210432209134338
0.2,0.42237196424040946
0.20127388535031848,0.42369750866432887
0.20254777070063695,0.4250179749972709
0.20382165605095542,0.4263357834793491
0.2050955414012739,0.42765117951209697
0.20636942675159237,0.4289556799335712
0.20764331210191084,0.4302586572154812
0.2089171974522293,0.4315607561168823
0.21019108280254778,0.4328565479560807
0.21146496815286625,0.4341523382715584
0.21273885350318472,0.4354420379338
0.2140127388535032,0.43673157578674004
0.21528662420382166,0.43801974472252014
0.21656050955414013,0.4393054255933537
0.2178343949044586,0.4405908203561143
0.21910828025477708,0.44187472887459345
0.22038216560509555,0.44315853920948817
0.22165605095541402,0.4444359986495386
0.2229299363057325,0.4457128031082147
0.22420382165605096,0.4469767022888211
0.22547770700636943,0.4482398103246553
0.2267515923566879,0.4495014698695604
0.22802547770700637,0.45075749746753835
0.22929936305732485,0.4520125006995454
0.23057324840764332,0.45326429703627236
0.2318471337579618,0.45451464987379503
0.23312101910828026,0.45576104521463573
0.23439490445859873,0.4570070320110809
0.2356687898089172,0.45824615156941895
0.23694267515923567,0.45948311411900905
0.23821656050955414,0.46071750918282056
0.2394904458598726,0.4619493563642367
0.24076433121019108,0.4631791018281747
0.24203821656050956,0.4644078030557191
0.24331210191082803,0.46563418097243076
0.2445859872611465,0.4668598698671502
0.24585987261146497,0.46808459058758417
0.24713375796178344,0.46930911472686176
0.2484076433121019,0.4705335862761153
0.24968152866242038,0.4717566926528052
0.25095541401273885,0.4729764754232504
0.2522292993630573,0.47419557742965895
0.2535031847133758,0.47541131364706013
0.25477707006369427,0.47662651625794583
0.25605095541401274,0.47783631790487996
0.2573248407643312,0.4790378305303252
0.2585987261146497,0.4802378549951304
0.25987261146496815,0.48143703397631754
0.2611464968152866,0.48263224343620176
0.2624203821656051,0.48382732024561753
0.26369426751592356,0.4850193243713928
0.26496815286624203,0.4862097366254906
0.2662420382165605,0.48739995651056867
0.267515923566879,0.48858855506683857
0.26878980891719745,0.4897747068227542
0.2700636942675159,0.4909592689002072
0.2713375796178344,0.49214353168366465
0.27261146496815286,0.4933276933127614
0.27388535031847133,0.4945086459556459
0.2751592356687898,0.49568292524011104
0.2764331210191083,0.4968548137243878
0.27770700636942675,0.4980264326063362
0.2789808917197452,0.49919773663019196
0.2802547770700637,0.5003682376797829
0.28152866242038216,0.5015383816524738
0.28280254777070063,0.5027074388309103
0.2840764331210191,0.5038739974101837
0.28535031847133757,0.505038899162472
0.28662420382165604,0.506201164920271
0.2878980891719745,0.507360033762882
0.289171974522293,0.5085166325260957
0.29044585987261146,0.5096689563654281
0.2917197452229299,0.5108193540238178
0.2929936305732484,0.5119694816450138
0.29426751592356687,0.5131184230491931
0.29554140127388534,0.5142664569332397
0.2968152866242038,0.5154105046688531
0.2980891719745223,0.5165538292710186
0.29936305732484075,0.5176969497709568
0.3006369426751592,0.5188399244176354
0.3019108280254777,0.5199818591811114
0.30318471337579617,0.5211235901291864
0.30445859872611464,0.5222647867060511
0.3057324840764331,0.523405625911527
0.3070063694267516,0.5245426315200806
0.30828025477707005,0.5256789792378276
0.3095541401273885,0.5268141386232674
0.310828025477707,0.5279490781609331
0.31210191082802546,0.5290835867058131
0.31337579617834393,0.530214571039101
0.3146496815286624,0.5313452547390278
0.3159235668789809,0.5324753243439379
0.31719745222929935,0.5336043243712928
0.3184713375796178,0.534732410613403
0.3197452229299363,0.5358567507645217
0.32101910828025476,0.5369808131365031
0.32229299363057323,0.5381043464051638
0.3235668789808917,0.5392277560852617
0.3248407643312102,0.5403511173742486
0.32611464968152865,0.5414734459778473
0.3273885350318471,0.5425944374483784
0.3286624203821656,0.5437120165595736
0.32993630573248406,0.5448237799610814
0.33121019108280253,0.5459352790015026
0.332484076433121,0.547046243397324
0.33375796178343947,0.5481565123101816
0.33503184713375794,0.5492644076897003
0.3363057324840764,0.5503702314870392
0.3375796178343949,0.5514755484847526
0.33885350318471336,0.5525783592382162
0.3401273885350318,0.553681041193197
0.3414012738853503,0.554783202256829
0.34267515923566877,0.5558851654501017
0.34394904458598724,0.556983031686615
0.3452229299363057,0.5580807455023855
0.3464968152866242,0.5591731502234553
0.34777070063694265,0.5602651633987227
0.3490445859872611,0.5613542238569501
0.3503184713375796,0.5624400170489612
0.35159235668789807,0.5635254776967659
0.35286624203821654,0.5646108205044796
0.354140127388535,0.5656958966293822
0.3554140127388535,0.5667775278972074
0.35668789808917195,0.5678589734107532
0.3579617834394904,0.5689390302842287
0.3592356687898089,0.5700180164289983
0.36050955414012736,0.5710951344615541
0.36178343949044584,0.5721698800722376
0.3630573248407643,0.5732422372940187
0.3643312101910828,0.5743127096865724
0.36560509554140125,0.5753797661054947
0.3668789808917197,0.5764457607502913
0.3681528662420382,0.5775102531210167
0.36942675159235666,0.5785716411141252
0.37070063694267513,0.5796321304921432
0.3719745222929936,0.5806921856594504
0.3732484076433121,0.5817495594002443
0.37452229299363055,0.582806074514641
0.37579617834394907,0.5838610390018225
0.37707006369426754,0.5849129554416419
0.378343949044586,0.585964502323643
0.3796178343949045,0.5870146551208784
0.38089171974522296,0.5880642299154613
0.3821656050955414,0.5891132396695368
0.3834394904458599,0.5901595971785857
0.38471337579617837,0.591203251720045
0.38598726114649684,0.5922467485417848
0.3872611464968153,0.5932859758029934
0.3885350318471338,0.594324494416878
0.38980891719745225,0.5953624387651054
0.3910828025477707,0.5964002712444993
0.3923566878980892,0.5974379186368629
0.39363057324840767,0.5984750316505696
0.39490445859872614,0.5995098483620265
0.3961783439490446,0.6005413856765156
0.3974522292993631,0.6015718767830562
0.39872611464968155,0.6026001096391821
0.4,0.6036260889003322
0.4012738853503185,0.6046513303182418
0.40254777070063696,0.6056720412170546
0.40382165605095544,0.6066917682463805
0.4050955414012739,0.6077110158245783
0.4063694267515924,0.6087289476713638
0.40764331210191085,0.6097464254408796
0.4089171974522293,0.6107629258167352
0.4101910828025478,0.6117784635223822
0.41146496815286626,0.6127918442258107
0.41273885350318473,0.6138022609243216
0.4140127388535032,0.6148121156132388
0.4152866242038217,0.6158207727811826
0.41656050955414015,0.6168293930690503
0.4178343949044586,0.6178368310691101
0.4191082802547771,0.6188419435673435
0.42038216560509556,0.6198466289298483
0.42165605095541403,0.6208512830766553
0.4229299363057325,0.6218548042563657
0.42420382165605097,0.6228580800173683
0.42547770700636944,0.6238604916721228
0.4267515923566879,0.6248617911606547
0.4280254777070064,0.6258624831692533
0.42929936305732486,0.6268628542586243
0.4305732484076433,0.6278631055660163
0.4318471337579618,0.6288631367386488
0.43312101910828027,0.6298628735781582
0.43439490445859874,0.6308617690723501
0.4356687898089172,0.6318603306727216
0.4369426751592357,0.6328587251721557
0.43821656050955415,0.6338565381656034
0.4394904458598726,0.6348538855041193
0.4407643312101911,0.63585106482415
0.44203821656050957,0.6368481653505407
0.44331210191082804,0.6378452108714313
0.4445859872611465,0.6388421454659979
0.445859872611465,0.639838632742034
0.44713375796178345,0.6408340458177058
0.4484076433121019,0.6418290179152664
0.4496815286624204,0.6428231527432511
0.45095541401273886,0.6438161969431246
0.45222929936305734,0.6448089259023341
0.4535031847133758,0.6458012385315899
0.4547770700636943,0.6467930400797695
0.45605095541401275,0.6477848076657537
0.4573248407643312,0.6487759656697659
0.4585987261146497,0.649766388082887
0.45987261146496816,0.6507553669363982
0.46114649681528663,0.6517439071245271
0.4624203821656051,0.6527310979394303
0.4636942675159236,0.653718053967267
0.46496815286624205,0.6547050037309341
0.4662420382165605,0.6556909608069411
0.467515923566879,0.6566764128129269
0.46878980891719746,0.6576606953669776
0.47006369426751593,0.6586449753288164
0.4713375796178344,0.6596289008345162
0.4726114649681529,0.6606117229251398
0.47388535031847134,0.6615935901774644
0.4751592356687898,0.6625752944251648
0.4764331210191083,0.6635567877710766
0.47770700636942676,0.6645369666226884
0.4789808917197452,0.6655169854153677
0.4802547770700637,0.6664950976573553
0.48152866242038217,0.6674729270601127
0.48280254777070064,0.6684507435788067
0.4840764331210191,0.669428206229517
0.4853503184713376,0.6704048726840036
0.48662420382165605,0.6713807260044432
0.4878980891719745,0.6723556125649297
0.489171974522293,0.6733304536246437
0.49044585987261147,0.6743051336262043
0.49171974522292994,0.6752788219983332
0.4929936305732484,0.6762508112078874
0.4942675159235669,0.6772226639126199
0.49554140127388535,0.6781941017098532
0.4968152866242038,0.6791643177644616
0.4980891719745223,0.6801343528410038
0.49936305732484076,0.6811041853140802
0.5006369426751592,0.6820725391465137
0.5019108280254777,0.6830401240849552
0.5031847133757962,0.6840070018045444
0.5044585987261146,0.6849733059101925
0.5057324840764331,0.6859387342072513
0.5070063694267516,0.6869037220237914
0.5082802547770701,0.6878677384058536
0.5095541401273885,0.6888316040484155
0.510828025477707,0.6897953531569513
0.5121019108280255,0.6907588156195621
0.513375796178344,0.691719980624789
0.5146496815286624,0.6926801306560664
0.5159235668789809,0.6936394348624576
0.5171974522292994,0.6945984276692595
0.5184713375796178,0.6955571634594936
0.5197452229299363,0.69651544616609
0.5210191082802548,0.6974733969451391
0.5222929936305732,0.6984308679254899
0.5235668789808917,0.6993880579071916
0.5248407643312102,0.7003451550530976
0.5261146496815287,0.7012999145666188
0.5273885350318471,0.7022538516844703
0.5286624203821656,0.703207699842453
0.5299363057324841,0.7041609525619136
0.5312101910828025,0.7051141002841727
0.532484076433121,0.7060649281787407
0.5337579617834395,0.7070153468893265
0.535031847133758,0.7079653893865142
0.5363057324840764,0.7089151319510397
0.5375796178343949,0.7098647413250289
0.5388535031847134,0.7108142022694333
0.5401273885350318,0.7117633156574488
0.5414012738853503,0.712712019810513
0.5426751592356688,0.7136568002842584
0.5439490445859873,0.7146015444830547
0.5452229299363057,0.7155461157774893
0.5464968152866242,0.7164885083814402
0.5477707006369427,0.7174296978702673
0.5490445859872611,0.7183706552079476
0.5503184713375796,0.7193112946545892
0.5515923566878981,0.7202515410873062
0.5528662420382165,0.7211914015552882
0.554140127388535,0.7221306650880659
0.5554140127388535,0.7230690576483911
0.556687898089172,0.7240061327597058
0.5579617834394904,0.7249427683813396
0.5592356687898089,0.725879100432044
0.5605095541401274,0.7268149506260159
0.5617834394904458,0.7277504467646716
0.5630573248407643,0.7286856740075578
0.5643312101910828,0.7296208952421677
0.5656050955414013,0.7305555778776002
0.5668789808917197,0.7314901184598059
0.5681528662420382,0.7324242658073858
0.5694267515923567,0.7333578983616102
0.5707006369426751,0.7342905389715841
0.5719745222929936,0.7352230099875393
0.5732484076433121,0.7361526195654929
0.5745222929936306,0.7370821663980661
0.575796178343949,0.738011004721735
0.5770700636942675,0.7389395968689284
0.578343949044586,0.7398664229966875
0.5796178343949044,0.7407910199021432
0.5808917197452229,0.7417153970469154
0.5821656050955414,0.7426395355933194
0.5834394904458599,0.7435634735816913
0.5847133757961783,0.7444873493000671
0.5859872611464968,0.7454106631015492
0.5872611464968153,0.7463339193083955
0.5885350318471337,0.7472561442901121
0.5898089171974522,0.7481783038784526
0.5910828025477707,0.7490996290245531
0.5923566878980892,0.7500193171556628
0.5936305732484076,0.7509386800933084
0.5949044585987261,0.7518567594831866
0.5961783439490446,0.7527707022787198
0.597452229299363,0.7536844408486519
0.5987261146496815,0.75459769008093
0.6,0.7555097824104784
0.6012738853503184,0.7564212146777051
0.6025477707006369,0.7573318690522576
0.6038216560509554,0.7582420741172241
0.6050955414012739,0.7591514712642032
0.6063694267515923,0.7600602195764916
0.6076433121019108,0.7609668503157693
0.6089171974522293,0.7618724105642036
0.6101910828025477,0.7627777324998366
0.6114649681528662,0.7636829845604215
0.6127388535031847,0.764587725403203
0.6140127388535032,0.7654924547537693
0.6152866242038216,0.7663970028546507
0.6165605095541401,0.7672994826235655
0.6178343949044586,0.7682016767688696
0.619108280254777,0.7691032785073552
0.6203821656050955,0.7700046695725922
0.621656050955414,0.7709057076615684
0.6229299363057325,0.7718053753121816
0.6242038216560509,0.7727048825703805
0.6254777070063694,0.7736036652128081
0.6267515923566879,0.7745019736778129
0.6280254777070063,0.7753997723881247
0.6292993630573248,0.776296636633704
0.6305732484076433,0.7771930703091909
0.6318471337579618,0.7780893975166442
0.6331210191082802,0.7789849319302362
0.6343949044585987,0.7798794094758114
0.6356687898089172,0.7807729094102849
0.6369426751592356,0.7816651875263332
0.6382165605095541,0.7825572406863452
0.6394904458598726,0.7834492880498983
0.640764331210191,0.7843385989481801
0.6420382165605095,0.7852277308729207
0.643312101910828,0.7861159103705686
0.6445859872611465,0.7870035214242443
0.6458598726114649,0.7878909613690462
0.6471337579617834,0.788778273540454
0.6484076433121019,0.7896651109866165
0.6496815286624203,0.7905501755556337
0.6509554140127388,0.7914351714211219
0.6522292993630573,0.7923196990183937
0.6535031847133758,0.7932038929409216
0.6547770700636942,0.794087725418337
0.6560509554140127,0.7949715246998266
0.6573248407643312,0.7958542534392211
0.6585987261146496,0.796735570640813
0.6598726114649681,0.7976166942841492
0.6611464968152866,0.7984976981632543
0.6624203821656051,0.7993785538036982
0.6636942675159235,0.800258951154883
0.664968152866242,0.8011376034486025
0.6662420382165605,0.8020160986887962
0.6675159235668789,0.8028944087371992
0.6687898089171974,0.8037725817478281
0.6700636942675159,0.8046489048307359
0.6713375796178344,0.8055249472649604
0.6726114649681528,0.8063974672327354
0.6738853503184713,0.8072695890342779
0.6751592356687898,0.8081415692645756
0.6764331210191082,0.8090133882167864
0.6777070063694267,0.8098847605193437
0.6789808917197452,0.810755402190244
0.6802547770700637,0.8116255364956897
0.6815286624203821,0.812495084616161
0.6828025477707006,0.8133642995933215
0.6840764331210191,0.8142328711793572
0.6853503184713375,0.8151007255404236
0.686624203821656,0.8159680425285678
0.6878980891719745,0.8168348074086461
0.689171974522293,0.8177014467112956
0.6904458598726114,0.8185676963788775
0.6917197452229299,0.8194333217520388
0.6929936305732484,0.8202984901345193
0.6942675159235668,0.8211634832672328
0.6955414012738853,0.8220242860502774
0.6968152866242038,0.8228850704024165
0.6980891719745222,0.8237455703231114
0.6993630573248407,0.8246046581016265
0.7006369426751592,0.8254631749642103
0.7019108280254777,0.8263212599041696
0.7031847133757961,0.8271788676335611
0.7044585987261146,0.8280359085780381
0.7057324840764331,0.8288928985956037
0.7070063694267515,0.8297480656020417
0.70828025477707,0.830602806428563
0.7095541401273885,0.8314566980933285
0.710828025477707,0.832310519321653
0.7121019108280254,0.8331638270669516
0.7133757961783439,0.8340160758694832
0.7146496815286624,0.8348672977306892
0.7159235668789808,0.8357179966028038
0.7171974522292993,0.8365678800223406
0.7184713375796178,0.8374175158471163
0.7197452229299363,0.8382652637058531
0.7210191082802547,0.8391124240064136
0.7222929936305732,0.8399595682505492
0.7235668789808917,0.8408065638363714
0.7248407643312101,0.8416535216729141
0.7261146496815286,0.8425001076223122
0.7273885350318471,0.8433459260392627
0.7286624203821656,0.8441912331854345
0.729936305732484,0.845036281350159
0.7312101910828025,0.8458811317232748
0.732484076433121,0.8467249010360491
0.7337579617834394,0.8475681310196501
0.7350318471337579,0.8484110837028723
0.7363057324840764,0.8492538846825916
0.7375796178343949,0.8500952902200917
0.7388535031847133,0.850936347912241
0.7401273885350318,0.8517764389966125
0.7414012738853503,0.8526164325764222
0.7426751592356687,0.8534557638337417
0.7439490445859872,0.8542946732776152
0.7452229299363057,0.855133405607903
0.7464968152866241,0.8559718825416585
0.7477707006369426,0.8568098470578565
0.7490445859872611,0.857647448696839
0.7503184713375797,0.8584848025671225
0.7515923566878981,0.8593194392305562
0.7528662420382166,0.8601538103885548
0.7541401273885351,0.8609869115992176
0.7554140127388536,0.8618195855358153
0.756687898089172,0.8626519161759815
0.7579617834394905,0.8634836490779627
0.759235668789809,0.8643149257892427
0.7605095541401274,0.8651458019666688
0.7617834394904459,0.8659741842084805
0.7630573248407644,0.8668024809808516
0.7643312101910829,0.867629483142359
0.7656050955414013,0.8684557935481514
0.7668789808917198,0.8692809792282562
0.7681528662420383,0.8701060778030352
0.7694267515923567,0.870931104009342
0.7707006369426752,0.8717557477360046
0.7719745222929937,0.8725798976287428
0.7732484076433122,0.8734023717568192
0.7745222929936306,0.8742246896323103
0.7757961783439491,0.875046700262851
0.7770700636942676,0.8758684453630029
0.778343949044586,0.8766899740672747
0.7796178343949045,0.8775112671719099
0.780891719745223,0.8783317131698043
0.7821656050955414,0.8791521458907011
0.7834394904458599,0.8799723742327377
0.7847133757961784,0.8807919267752073
0.7859872611464969,0.8816112254570371
0.7872611464968153,0.882430376784284
0.7885350318471338,0.8832488622842113
0.7898089171974523,0.8840669252326294
0.7910828025477707,0.8848833163642573
0.7923566878980892,0.8856987708786171
0.7936305732484077,0.8865123269022219
0.7949044585987262,0.8873232210255166
0.7961783439490446,0.8881332760958036
0.7974522292993631,0.8889430106622688
0.7987261146496816,0.889752313878296
0.8,0.8905613284877145
0.8012738853503185,0.8913689992311211
0.802547770700637,0.8921763324167236
0.8038216560509555,0.8929811356280294
0.8050955414012739,0.8937854564161641
0.8063694267515924,0.8945893664440607
0.8076433121019109,0.8953913247549665
0.8089171974522293,0.8961924637222785
0.8101910828025478,0.8969915073166773
0.8114649681528663,0.8977902271006458
0.8127388535031848,0.8985873911689404
0.8140127388535032,0.8993841605735606
0.8152866242038217,0.9001798528344823
0.8165605095541402,0.9009752136467952
0.8178343949044586,0.9017703121544677
0.8191082802547771,0.9025643445104865
0.8203821656050956,0.90335820460061
0.821656050955414,0.9041513952932507
0.8229299363057325,0.9049439187854528
0.824203821656051,0.9057363878864843
0.8254777070063695,0.9065280228375049
0.8267515923566879,0.907316454828769
0.8280254777070064,0.9081022575399944
0.8292993630573249,0.9088879414111958
0.8305732484076433,0.9096724521714982
0.8318471337579618,0.9104560476112687
0.8331210191082803,0.9112395969073995
0.8343949044585988,0.9120224038393333
0.8356687898089172,0.9128048192337884
0.8369426751592357,0.9135870055516931
0.8382165605095542,0.9143691718154042
0.8394904458598726,0.9151512533478143
0.8407643312101911,0.915931757889046
0.8420382165605096,0.9167111249464527
0.8433121019108281,0.9174904699783444
0.8445859872611465,0.918269118228574
0.845859872611465,0.919047225502544
0.8471337579617835,0.9198226521861032
0.8484076433121019,0.9205976315875319
0.8496815286624204,0.9213720721137588
0.8509554140127389,0.9221455261471214
0.8522292993630574,0.9229174529191124
0.8535031847133758,0.9236882287718988
0.8547770700636943,0.9244560004933973
0.8560509554140128,0.9252227016901532
0.8573248407643312,0.925988841328306
0.8585987261146497,0.9267531140483479
0.8598726114649682,0.927515789103746
0.8611464968152867,0.9282767979916201
0.8624203821656051,0.9290375524280965
0.8636942675159236,0.9297968570047052
0.8649681528662421,0.9305554881313649
0.8662420382165605,0.9313119234907237
0.867515923566879,0.9320667388479958
0.8687898089171975,0.93281974927149
0.870063694267516,0.9335711261679844
0.8713375796178344,0.934321128257069
0.8726114649681529,0.9350707210511412
0.8738853503184714,0.9358174231914332
0.8751592356687898,0.9365638378989493
0.8764331210191083,0.9373088625094251
0.8777070063694268,0.9380506595566891
0.8789808917197452,0.9387920195549733
0.8802547770700637,0.939532921766278
0.8815286624203822,0.940273730026389
0.8828025477707007,0.9410128702110496
0.8840764331210191,0.9417518509109292
0.8853503184713376,0.9424907908855527
0.8866242038216561,0.9432277099121593
0.8878980891719745,0.9439643510975072
0.889171974522293,0.9446997026804556
0.8904458598726115,0.9454345821319798
0.89171974522293,0.9461693129861369
0.8929936305732484,0.9469039167849391
0.8942675159235669,0.9476382597276943
0.8955414012738854,0.9483719915079
0.8968152866242038,0.9491055204593449
0.8980891719745223,0.9498370573985233
0.8993630573248408,0.9505655149687154
0.9006369426751593,0.9512938816294207
0.9019108280254777,0.95202194349104
0.9031847133757962,0.9527497590547674
0.9044585987261147,0.9534774493355576
0.9057324840764331,0.9541949299247955
0.9070063694267516,0.9549120219456884
0.9082802547770701,0.9556260431653124
0.9095541401273886,0.9563383458773563
0.910828025477707,0.9570501910073069
0.9121019108280255,0.9577553171125658
0.913375796178344,0.9584603374428639
0.9146496815286624,0.9591633318163184
0.9159235668789809,0.9598653929638797
0.9171974522292994,0.9605667118154182
0.9184713375796179,0.9612630930976424
0.9197452229299363,0.9619559389017392
0.9210191082802548,0.962648274372858
0.9222929936305733,0.9633368758403955
0.9235668789808917,0.9640190843170268
0.9248407643312102,0.9646977735922317
0.9261146496815287,0.9653689243574993
0.9273885350318471,0.9660394085738191
0.9286624203821656,0.9667097539478847
0.9299363057324841,0.9673759228091705
0.9312101910828026,0.9680415600779124
0.932484076433121,0.9687057785271821
0.9337579617834395,0.9693699899558128
0.935031847133758,0.9700332510861819
0.9363057324840764,0.970693924690706
0.9375796178343949,0.9713543043543251
0.9388535031847134,0.9720123319496786
0.9401273885350319,0.9726662555558655
0.9414012738853503,0.9733187429771484
0.9426751592356688,0.9739695853963438
0.9439490445859873,0.9746154364621008
0.9452229299363057,0.9752560963075286
0.9464968152866242,0.9758957197591446
0.9477707006369427,0.9765348612893698
0.9490445859872612,0.9771737195298731
0.9503184713375796,0.9778108462542445
0.9515923566878981,0.9784475493820153
0.9528662420382166,0.9790822721397413
0.954140127388535,0.9797164546426481
0.9554140127388535,0.9803492267838274
0.956687898089172,0.9809814244049523
0.9579617834394905,0.9816090210156162
0.9592356687898089,0.9822358340260454
0.9605095541401274,0.9828583783199742
0.9617834394904459,0.9834807862051
0.9630573248407643,0.9840944048739141
0.9643312101910828,0.9847049118230259
0.9656050955414013,0.9853098221643692
0.9668789808917198,0.9859097375809133
0.9681528662420382,0.9865046075073585
0.9694267515923567,0.9870976301405403
0.9707006369426752,0.9876902093667914
0.9719745222929936,0.9882816212267609
0.9732484076433121,0.9888716722785744
0.9745222929936306,0.9894600765929401
0.975796178343949,0.9900445270000827
0.9770700636942675,0.9906234703846349
0.978343949044586,0.9912011837905828
0.9796178343949045,0.9917783400095525
0.9808917197452229,0.9923484307014089
0.9821656050955414,0.9929098001540005
0.9834394904458599,0.9934690124710791
0.9847133757961783,0.9940274581396539
0.9859872611464968,0.9945818365605549
0.9872611464968153,0.99513530387671
0.9885350318471338,0.9956823716026503
0.9898089171974522,0.9962272344043174
0.9910828025477707,0.9967563040705397
0.9923566878980892,0.9972792583965656
0.9936305732484076,0.9977883754868583
0.9949044585987261,0.9982886277156217
0.9961783439490446,0.9987643774279958
0.9974522292993631,0.9992136790873728
0.9987261146496815,0.9996578606721803
1.0,0.9999999999999644
