date,obs,simulated,raw_sim_tp,split,rain,runoff,RF,GBRT,Ridge
2023-01-01,0.042,0.019944511,0.019944511,train,0.0,150.0,0.04471385499697586,0.04820219680234478,0.06687745983793833
2023-01-02,0.037,0.021520723,0.021954423,train,0.0,180.0,0.04503890509618222,0.048017019831091634,0.06674785079199679
2023-01-03,0.086,0.032778103,0.035875622,train,1.5,760.0,0.06687568855137571,0.07173618323055096,0.06885108737719689
2023-01-04,0.06,0.028575476,0.027419103,train,0.0,340.0,0.06583029053767944,0.06457414520994266,0.0664430808741724
2023-01-05,0.046,0.027888538,0.027699525,train,0.0,220.0,0.05745858485432523,0.058503405653499124,0.0656670882459582
2023-01-06,0.045,0.027919946,0.027928589,train,0.0,110.0,0.05238608249103106,0.05337370190859714,0.06563462667746986
2023-01-07,0.043,0.028453171,0.02859989,train,0.0,60.0,0.045887832278930514,0.04869872976321267,0.06565982675235993
2023-01-08,0.05,0.039234146,0.04220058,train,2.4,430.0,0.05732522779554125,0.05785686914675654,0.06814965921203718
2023-01-09,0.14,0.14547049,0.17470188,train,35.7,7630.0,0.13904205518439894,0.13346982643800276,0.10538120683516353
2023-01-10,0.084,0.07146868,0.051106755,train,0.0,2140.0,0.08054973051994781,0.09037461344449442,0.07500755421482208
2023-01-11,0.071,0.05808167,0.05439818,train,0.7,1360.0,0.07158989605972162,0.07240836288590742,0.06790421206064115
2023-01-12,0.075,0.08395862,0.09107877,train,9.2,2890.0,0.07920845307066825,0.07749442651951167,0.07857683328785467
2023-01-13,0.093,0.099366255,0.10360574,train,8.5,5470.0,0.08890859208757665,0.09053076523378084,0.08197177741323419
2023-01-14,0.068,0.06807562,0.059465867,train,0.0,2130.0,0.07171122909143779,0.07415131956525178,0.06540608033946356
2023-01-15,0.072,0.06393909,0.0628009,train,0.0,1460.0,0.06985165557434078,0.07011493158788738,0.06260349495687637
2023-01-16,0.064,0.070008375,0.07167837,train,1.6,1250.0,0.07056012656865747,0.06840097465335998,0.06151846892903631
2023-01-17,0.068,0.06958525,0.069468826,train,0.0,1150.0,0.07062189737994974,0.07136957586899728,0.06460315475006351
2023-01-18,0.069,0.07167569,0.07225088,train,0.0,1000.0,0.06907118693643663,0.06667431553676467,0.064802066220324
2023-01-19,0.068,0.0724701,0.072688684,train,0.0,570.0,0.06909536374508149,0.0655664382533301,0.0631889439923247
2023-01-20,0.064,0.07275258,0.072830305,train,0.0,370.0,0.06866156748309708,0.06579939203315203,0.06250419245320207
2023-01-21,0.066,0.07287139,0.07290408,train,0.0,340.0,0.0687726298918393,0.06664763226728368,0.0642153254045324
2023-01-22,0.073,0.072812326,0.07279608,train,0.0,370.0,0.07006337522064765,0.06716789052459475,0.06483668140086413
2023-01-23,0.081,0.07230766,0.0721688,train,0.0,360.0,0.07017932500533312,0.0663196502904631,0.06471551813424771
2023-01-24,0.063,0.071094126,0.07076021,train,0.0,260.0,0.0701917916327846,0.06716789052459475,0.06440806061810242
2023-01-25,0.077,0.07010448,0.069832176,train,0.0,290.0,0.07243592896658452,0.06716789052459475,0.06456917924989736
2023-01-26,0.086,0.06900387,0.068701036,train,0.0,300.0,0.07276600202360876,0.06742473132760585,0.06469376910869935
2023-01-27,0.091,0.06753597,0.06713207,train,0.0,250.0,0.07308815663488083,0.07165522847412936,0.06455234538946679
2023-01-28,0.079,0.06611079,0.06571864,train,0.0,240.0,0.07270222836360593,0.07165522847412936,0.06455257163379366
2023-01-29,0.065,0.064524636,0.0640882,train,0.0,200.0,0.06920185676296843,0.0666462582673266,0.06451848107898045
2023-01-30,0.07,0.063913174,0.06374493,train,0.0,370.0,0.07156682616466276,0.066625412023859,0.0650236394350171
2023-01-31,0.066,0.06463962,0.064839505,train,0.0,730.0,0.06918483825026783,0.0663685712208479,0.06564141810544366
2023-02-01,0.066,0.06354202,0.06324002,train,0.0,400.0,0.06898007024945305,0.0663685712208479,0.06853401885564625
2023-02-02,0.07,0.061951123,0.06151338,train,0.0,300.0,0.06906513154530608,0.0663685712208479,0.06827011256812915
2023-02-03,0.077,0.06189154,0.06187515,train,0.0,530.0,0.07111171698164354,0.0663685712208479,0.0693388676615372
2023-02-04,0.077,0.076451205,0.08045736,train,7.0,650.0,0.07631629316261447,0.07689825884215797,0.0737983169190917
2023-02-05,0.123,0.1382235,0.1552204,train,25.0,4420.0,0.12636220625131542,0.11841722866738523,0.0964470154700029
2023-02-06,0.079,0.082011744,0.06654484,train,3.5,1370.0,0.08301290472163987,0.09006781715258251,0.08114911395317831
2023-02-07,0.084,0.07958382,0.078915775,train,7.1,2320.0,0.08379927630258355,0.08088577310697181,0.08339735586661844
2023-02-08,0.069,0.06602359,0.062292434,train,1.1,1380.0,0.07150108439030166,0.07163032672734673,0.07768943463126836
2023-02-09,0.068,0.067864016,0.068370424,train,2.8,1220.0,0.07114079295425045,0.07163032672734673,0.07397699851557815
2023-02-10,0.098,0.09074358,0.09703899,train,9.9,4130.0,0.09077842146371834,0.08660045745285094,0.0858768607819924
2023-02-11,0.09,0.08245107,0.08016935,train,5.7,3850.0,0.08640140815471593,0.08295872355018238,0.08068025312868986
2023-02-12,0.066,0.07254325,0.069817066,train,2.7,2410.0,0.07154724035735843,0.07223078210801955,0.07098248601351592
2023-02-13,0.089,0.07369969,0.07401789,train,3.9,2050.0,0.08040121028621547,0.07303984529616302,0.0725433608846113
2023-02-14,0.064,0.067441456,0.06571947,train,0.0,1320.0,0.06897216215448704,0.07025810159990852,0.06993586518560879
2023-02-15,0.067,0.06779319,0.06788997,train,0.0,1030.0,0.06776075238182105,0.06892123291067105,0.07031540602574601
2023-02-16,0.076,0.06861969,0.068847105,train,0.0,890.0,0.06781361624385396,0.06833361388454755,0.07075212105503402
2023-02-17,0.057,0.069130436,0.06927097,train,0.0,930.0,0.061979926430806825,0.06076442298211489,0.0700183944810541
2023-02-18,0.055,0.068579584,0.06842802,train,0.0,760.0,0.061379988418396154,0.06026637542461974,0.06994006611055135
2023-02-19,0.058,0.06723591,0.06686619,train,0.0,560.0,0.06131965010030381,0.06011726213127037,0.07008443149378715
2023-02-20,0.054,0.06576229,0.06535682,train,0.0,500.0,0.06122865412976103,0.06035021591109232,0.07050888114793538
2023-02-21,0.061,0.06420641,0.0637783,train,0.0,480.0,0.0614157535553184,0.06171871440253506,0.07130523791441301
2023-02-22,0.059,0.06254103,0.062082797,train,0.0,460.0,0.061396628555318404,0.06171871440253506,0.0716368744052854
2023-02-23,0.055,0.06220731,0.062115487,train,0.0,870.0,0.061403755565552325,0.06171871440253506,0.0728212250536721
2023-02-24,0.064,0.059427045,0.058662042,train,0.0,410.0,0.061450693654180016,0.06171871440253506,0.07115234617463026
2023-02-25,0.055,0.05918539,0.059118897,train,0.0,920.0,0.06136734895167249,0.06148576062271313,0.07273029324830764
2023-02-26,0.062,0.059074488,0.05904397,train,0.0,1230.0,0.06152881550965793,0.06148576062271313,0.07318900323894761
2023-02-27,0.062,0.06171367,0.06243985,train,0.0,550.0,0.06156223279412784,0.060686441318966236,0.06374997925747769
2023-02-28,0.055,0.061763074,0.061776668,train,0.0,600.0,0.06139362762208111,0.060686441318966236,0.06452616410908674
2023-03-01,0.05,0.066448055,0.06773715,train,0.0,460.0,0.061370378786007984,0.06091939509878819,0.06479463490460716
2023-03-02,0.054,0.06682143,0.06692417,train,0.0,340.0,0.061321707673282766,0.06091939509878819,0.06525200556079831
2023-03-03,0.064,0.06720682,0.06731287,train,0.3,370.0,0.06356538781693406,0.06213023221302955,0.06621900836722822
2023-03-04,0.057,0.06676975,0.06664949,train,0.0,420.0,0.06462373931660874,0.06213023221302955,0.06665736911789406
2023-03-05,0.058,0.065920755,0.06568715,train,0.0,310.0,0.06169173522394215,0.06213023221302955,0.06646117145562697
2023-03-06,0.064,0.06560829,0.06552231,train,0.0,360.0,0.06261115458530765,0.06091939509878819,0.06701892306832578
2023-03-07,0.063,0.064963095,0.06478556,train,0.0,310.0,0.06202760912285915,0.06091939509878819,0.0671241192535883
2023-03-08,0.059,0.06475269,0.0646948,train,0.0,390.0,0.06200434448147628,0.06091939509878819,0.06767990565802098
2023-03-09,0.065,0.06400424,0.0637983,train,0.0,320.0,0.06266337380803842,0.06099434180224215,0.06771355745186274
2023-03-10,0.06,0.06293376,0.06263921,train,0.0,200.0,0.06230254471042678,0.061015188045709726,0.06772932611235394
2023-03-11,0.069,0.06202952,0.061780713,train,0.0,140.0,0.059971778174053636,0.06127202884872082,0.0681578136164262
2023-03-12,0.077,0.070882246,0.07331811,train,6.2,540.0,0.07431222000608628,0.0730368036529709,0.07344981673554102
2023-03-13,0.064,0.061535977,0.058964312,train,0.0,300.0,0.06638481998153817,0.06601441534303684,0.07204729948261034
2023-03-14,0.058,0.059362978,0.05876507,train,0.0,310.0,0.06478078999912996,0.06415728839648831,0.07151513877163124
2023-03-15,0.061,0.058531042,0.058302134,train,0.0,270.0,0.06540530679591285,0.0676078418885257,0.07124932717462931
2023-03-16,0.065,0.05813925,0.058031447,train,0.0,280.0,0.06487835285707569,0.07160162209886185,0.07031922046761385
2023-03-17,0.07,0.05758759,0.057435796,train,0.0,220.0,0.06476474999094049,0.07135063715687616,0.07052875333735431
2023-03-18,0.067,0.06311186,0.06463189,train,0.0,1800.0,0.06454687458293071,0.07083999633057551,0.07464664946318487
2023-03-19,0.063,0.06739438,0.068572745,train,0.0,2600.0,0.06329722944595723,0.06884979802446374,0.07362679603424344
2023-03-20,0.06,0.0640427,0.06312048,train,0.0,1660.0,0.06384010276036986,0.06947346637481104,0.06816154607543176
2023-03-21,0.069,0.061671987,0.061019674,train,0.0,1310.0,0.06403545185328037,0.06969803825859539,0.0672229529398873
2023-03-22,0.072,0.05830147,0.05737406,train,0.0,590.0,0.064375815675526,0.06969803825859539,0.06756494583264228
2023-03-23,0.166,0.14961267,0.17473733,train,36.3,6500.0,0.1493869868943557,0.14398251025150202,0.10587580716703394
2023-03-24,0.183,0.18367462,0.19304691,train,63.0,26860.0,0.18999091964285736,0.18630304078902865,0.17862313240513328
2023-03-25,0.237,0.22979504,0.24248527,train,94.0,39220.0,0.1898209017857145,0.2219234523006505,0.20779730219482173
2023-03-26,0.075,0.11141168,0.07883799,train,5.7,20280.0,0.08240218068404519,0.08690729269295547,0.09034991533040136
2023-03-27,0.092,0.1035074,0.1013325,train,26.1,23480.0,0.10942399053270148,0.0968657481613106,0.09156229997534696
2023-03-28,0.078,0.07980956,0.07328899,train,6.9,14600.0,0.08139967178097836,0.08575802681922566,0.06528154257115293
2023-03-29,0.096,0.09535316,0.09963004,train,23.6,23280.0,0.10601588152894934,0.10142915817871333,0.09657058920716927
2023-03-30,0.092,0.08261922,0.07911542,train,9.3,18700.0,0.08893387322917587,0.09076525525914925,0.0776084864727928
2023-03-31,0.06,0.0692839,0.065614626,train,1.1,11780.0,0.06245452600220554,0.060508913542216256,0.04570961570404014
2023-04-01,0.059,0.064016186,0.06256675,train,1.7,8900.0,0.06141948371354501,0.06192212974019,0.038222937458528096
2023-04-02,0.088,0.07150931,0.07357108,train,9.9,12010.0,0.08589512220664514,0.07783985968782518,0.06931492181194694
2023-04-03,0.072,0.06608062,0.06458689,train,2.1,8270.0,0.06498836025139627,0.06058427754465911,0.06585278541866182
2023-04-04,0.154,0.13573416,0.15489963,train,60.8,26540.0,0.1569002450396827,0.14450732467550179,0.14837797504180544
2023-04-05,0.136,0.12756033,0.12531127,train,26.7,33330.0,0.1426596541514044,0.13409670932252993,0.1403211727210962
2023-04-06,0.058,0.08132583,0.06860421,train,0.7,19560.0,0.06640407334585141,0.06697236159633911,0.05883596388457499
2023-04-07,0.049,0.06504735,0.060568266,train,0.0,14030.0,0.05641921462478612,0.054068557625886665,0.04169991279610234
2023-04-08,0.049,0.059489235,0.057959896,train,0.0,11420.0,0.05273422599355589,0.05992257504299779,0.04681015278951493
2023-04-09,0.048,0.058682375,0.058460362,train,0.0,9890.0,0.050749898848410704,0.0476210862967121,0.057576897335224496
2023-04-10,0.045,0.061204813,0.06189887,train,0.0,8510.0,0.05105077323676038,0.0523162335019801,0.06516605518878446
2023-04-11,0.047,0.06823286,0.070166655,train,0.0,7490.0,0.05131320967835114,0.046533521240233536,0.06224332425961108
2023-04-12,0.048,0.07835831,0.08114437,train,0.0,7500.0,0.05310084467731233,0.06425061584852304,0.06586655718956522
2023-04-13,0.068,0.10077634,0.106944755,train,3.9,5540.0,0.07061304032898709,0.08099420772156977,0.0688496916435924
2023-04-14,0.062,0.1091771,0.111488596,train,1.5,4580.0,0.08445594970720122,0.09084130957038966,0.07205441005726813
2023-04-15,0.153,0.11797112,0.12039083,train,0.4,4010.0,0.1398337873471535,0.13033456950682215,0.07548768129393331
2023-04-16,0.229,0.12906095,0.13211237,train,0.0,3000.0,0.15086749394211782,0.13347476437493228,0.07650155813551615
2023-04-17,0.146,0.13729371,0.13955899,train,0.0,2050.0,0.13069376944815297,0.12499529435430982,0.07672432373088865
2023-04-18,0.128,0.13695383,0.13686031,train,0.0,2910.0,0.11625405086801967,0.11551843154216569,0.08219571447156035
2023-04-19,0.187,0.17090961,0.1802527,train,62.3,25310.0,0.17378540737203996,0.17499867610328518,0.17212712998864438
2023-04-20,0.1,0.07583587,0.04967592,train,0.0,9940.0,0.09315977623231221,0.0947239617598562,0.08917629567629828
2023-04-21,0.074,0.05497203,0.049231254,train,0.0,6880.0,0.07163366504149053,0.07956114450549136,0.06816049422354277
2023-04-22,0.07,0.05686055,0.057380185,train,1.5,6020.0,0.0700136860875339,0.0659503452916211,0.07778274169324925
2023-04-23,0.091,0.102028854,0.114457116,train,25.5,13870.0,0.10391282735430984,0.1006862413014298,0.1128581318868653
2023-04-24,0.098,0.07618146,0.06906943,train,0.6,13820.0,0.08558535467646651,0.08678161684236471,0.09979131784414152
2023-04-25,0.066,0.06599947,0.06319785,train,1.7,10840.0,0.07099812041922612,0.06933477667344723,0.0791900381328446
2023-04-26,0.057,0.059718926,0.057990804,train,0.0,8230.0,0.059119117465001654,0.054900274684255096,0.0633540958738987
2023-04-27,0.048,0.061442904,0.061917264,train,0.0,6200.0,0.057269498544413155,0.058681028489459344,0.0668845723579764
2023-04-28,0.051,0.06678895,0.06825994,train,0.0,5990.0,0.058523255258879636,0.05217697859179529,0.07638234578042508
2023-04-29,0.08,0.08726599,0.092900336,train,9.5,10070.0,0.07535379492086518,0.0774837844326898,0.08956933313851576
2023-04-30,0.058,0.07010761,0.06538641,train,0.0,5730.0,0.060260609638624354,0.058119340676701256,0.06994584385356944
2023-05-01,0.05,0.0697213,0.06961501,train,0.0,4050.0,0.061273454459517686,0.062202926582610146,0.05877903331764449
2023-05-02,0.064,0.07244476,0.07319413,train,0.0,3560.0,0.06372962909338711,0.07053575099727985,0.0645877391795801
2023-05-03,0.058,0.07544796,0.076274306,train,0.0,3790.0,0.06379938768052873,0.07030547517956019,0.06969005064096076
2023-05-04,0.059,0.07730752,0.07781918,train,0.0,3270.0,0.06462707110513366,0.07030547517956019,0.07033758082047671
2023-05-05,0.062,0.078575715,0.07892467,train,0.0,2950.0,0.06476811842319108,0.07019036061878983,0.07067620565328052
2023-05-06,0.111,0.12592226,0.13894987,train,105.7,19590.0,0.13539228886275764,0.12282116659606797,0.1727345887397164
2023-05-07,0.118,0.09636238,0.08822886,train,14.2,26870.0,0.1234533442615678,0.12021469054179373,0.16025467902263804
2023-05-08,0.064,0.060737204,0.05093478,train,0.0,15750.0,0.06870535393403761,0.06973518663900362,0.08245172963178515
2023-05-09,0.051,0.051918715,0.04949227,train,0.2,12880.0,0.0606768298569808,0.0566129902292457,0.06402306734917196
2023-05-10,0.075,0.07881834,0.0862199,train,20.0,17070.0,0.08399341164474733,0.08007264350392412,0.0780084115762772
2023-05-11,0.081,0.07920955,0.07931719,train,10.1,18480.0,0.08672458655497697,0.08233534127284155,0.08605289827419427
2023-05-12,0.058,0.05724993,0.051207643,train,0.1,12500.0,0.06484835476084262,0.05931243741604978,0.06179458134749294
2023-05-13,0.056,0.050266296,0.048344716,train,0.0,10060.0,0.05782782212765227,0.0534261117159831,0.05059089817360078
2023-05-14,0.056,0.050554268,0.050633505,train,0.2,9090.0,0.05736355910449425,0.05303460313217734,0.05705866866687205
2023-05-15,0.051,0.05025456,0.05017209,train,0.0,7540.0,0.057465975298355974,0.053156462226972116,0.06243416128058994
2023-05-16,0.052,0.05391758,0.054925475,train,0.0,7380.0,0.05866760007925633,0.05304125653350167,0.06811696732041306
2023-05-17,0.078,0.07178128,0.07669655,train,4.8,9950.0,0.07217779436776627,0.06903129690224719,0.0781640110168563
2023-05-18,0.06,0.067661725,0.066528216,train,2.8,7910.0,0.06697537231963503,0.0605396349446634,0.07070511569410534
2023-05-19,0.055,0.062620506,0.061233394,train,0.0,6450.0,0.06504004222026576,0.06137269259892174,0.06762248016674609
2023-05-20,0.07,0.06973387,0.07169114,train,4.4,6880.0,0.07414071550530975,0.06939907995345591,0.07522949212353043
2023-05-21,0.088,0.090665914,0.09642546,train,10.3,10270.0,0.08533527133258674,0.08814215777053852,0.09048535719475488
2023-05-22,0.089,0.086959824,0.08594008,train,6.9,9570.0,0.08552997616506923,0.0896911975874431,0.08529996292330523
2023-05-23,0.082,0.07053147,0.06601114,train,0.0,6760.0,0.07828277734388314,0.07714776229319636,0.07246529074119791
2023-05-24,0.072,0.070016205,0.06987443,train,1.0,6380.0,0.07682291767426254,0.06743877190431725,0.07297570463875412
2023-05-25,0.076,0.08065617,0.0835838,train,14.8,6280.0,0.08907985510054911,0.08662084503456571,0.08449533451792827
2023-05-26,0.069,0.06975199,0.06675166,train,0.1,5970.0,0.08158941007624368,0.0829584934022629,0.08375789154461362
2023-05-27,0.1,0.06606205,0.06504674,train,0.0,4310.0,0.0821812086465581,0.08140405053655005,0.07884692923639182
2023-05-28,0.102,0.06712705,0.06742009,train,0.0,3860.0,0.07980227487144965,0.08541619561052706,0.07881568965378243
2023-05-29,0.075,0.06932151,0.06992532,train,0.0,3540.0,0.07670903074851369,0.08405680057119488,0.0782936459142503
2023-05-30,0.075,0.07092595,0.07136742,train,0.0,2940.0,0.07629235455831947,0.0780182985388606,0.07996634285939307
2023-05-31,0.08,0.07312971,0.07373609,train,0.0,2740.0,0.07621674011515543,0.07494628018475087,0.08145151785652673
2023-06-01,0.08,0.07569842,0.07640521,train,0.0,2810.0,0.0762665912395456,0.07494628018475087,0.07268275500053076
2023-06-02,0.069,0.07809026,0.07874838,train,0.0,2750.0,0.07566336230374338,0.07469999004514027,0.07379745634346395
2023-06-03,0.128,0.12325953,0.13568805,train,26.6,10180.0,0.12151920849032657,0.11922682131709768,0.11458189970379631
2023-06-04,0.128,0.13157241,0.13385974,train,9.4,13300.0,0.11132769229038814,0.11120111859871808,0.11180206361443855
2023-06-05,0.069,0.09080666,0.07958979,train,0.0,6060.0,0.07924957110022704,0.08621020351927133,0.07410085474652438
2023-06-06,0.063,0.08054898,0.077726535,train,0.0,4890.0,0.07585020675721797,0.06994845505703698,0.07219489809701074
2023-06-07,0.068,0.08098148,0.08110048,train,3.9,4630.0,0.07613916873236101,0.0746759419586947,0.07871089927479934
2023-06-08,0.082,0.07954924,0.079155155,train,0.9,4440.0,0.07827882812647839,0.08533824880602976,0.0832117858920388
2023-06-09,0.074,0.080028504,0.08016038,train,2.0,4160.0,0.07870323617589774,0.08533824880602976,0.08486890702199916
2023-06-10,0.078,0.08009223,0.08010976,train,0.9,4110.0,0.07797225795962623,0.08791690047470523,0.08286632265129872
2023-06-11,0.074,0.07846162,0.07801294,train,0.0,3160.0,0.07587419733454158,0.07576355987818272,0.07973248780186314
2023-06-12,0.074,0.0775852,0.077344045,train,0.0,2570.0,0.0756425408964234,0.0780875496847429,0.08149424252190303
2023-06-13,0.072,0.078673236,0.078972615,train,0.0,3100.0,0.07553618360026056,0.07955717103545422,0.08506155967107355
2023-06-14,0.078,0.07937399,0.07956681,train,1.1,2830.0,0.07589091236753036,0.07697607541565413,0.08535377876207009
2023-06-15,0.077,0.07982893,0.07995411,train,0.0,3060.0,0.07914996560835047,0.08187056287389201,0.08606101612123587
2023-06-16,0.076,0.08400762,0.0851574,train,3.6,3930.0,0.07708535395738975,0.08001343592734347,0.08989810681686103
2023-06-17,0.087,0.118603945,0.12812327,train,41.5,9180.0,0.10158659398581223,0.1084233050964843,0.12491422184662379
2023-06-18,0.116,0.13899243,0.14460242,train,38.8,17000.0,0.12150467256908527,0.11956535875859615,0.15117343101460456
2023-06-19,0.104,0.09046204,0.07710869,train,0.7,7520.0,0.10086209235070184,0.09493657028321381,0.09816871816400052
2023-06-20,0.082,0.07528389,0.07110756,train,0.2,4710.0,0.08297914596289603,0.08210708356303656,0.08469176746358824
2023-06-21,0.082,0.07075753,0.069512084,train,0.0,3610.0,0.07982852607005557,0.0730058730559331,0.08400066566013953
2023-06-22,0.132,0.073215745,0.07389213,train,5.1,4450.0,0.09289382001127318,0.09273525816025323,0.09195066939366456
2023-06-23,0.111,0.08383896,0.08676199,train,13.6,7160.0,0.10609406704884902,0.1030408649875758,0.1070940564853838
2023-06-24,0.13,0.10624062,0.11240453,train,13.6,12310.0,0.118226985620121,0.1130415783138497,0.11648570845194886
2023-06-25,0.08,0.08170986,0.07496011,train,0.7,6260.0,0.08038669844398859,0.08282037775517509,0.08297840957691638
2023-06-26,0.077,0.075975105,0.07439717,train,2.7,5340.0,0.07956105018514158,0.0799574843884806,0.08264625347404446
2023-06-27,0.074,0.07273544,0.071844034,train,0.4,4460.0,0.07794986107837987,0.07372722830268728,0.08446904016368287
2023-06-28,0.078,0.07101832,0.07054585,train,0.0,3660.0,0.08277795631002195,0.08294721641727698,0.08588937810726192
2023-06-29,0.074,0.0725755,0.07300396,train,0.0,2690.0,0.07551424926651913,0.07716536381562644,0.0790415731300477
2023-06-30,0.069,0.07485025,0.075476155,train,0.0,2840.0,0.07489580351736355,0.07449349403871416,0.08106652524038914
2023-07-01,0.064,0.07832148,0.07927661,train,10.6,2600.0,0.07923293517494813,0.07507250215443102,0.07867989568947747
2023-07-02,0.07,0.0760019,0.07536366,train,0.0,2370.0,0.07623717752389622,0.07679663890754071,0.07930175506736051
2023-07-03,0.075,0.07658471,0.07674507,train,1.0,2220.0,0.07514223880674567,0.07562650850571807,0.07892708734160227
2023-07-04,0.082,0.07719586,0.07736402,train,0.0,2070.0,0.07697659133715798,0.07951248451820672,0.07842538203218169
2023-07-05,0.073,0.07889175,0.07935838,train,0.0,2270.0,0.07474192290693905,0.07432584084368545,0.07699013657433867
2023-07-06,0.068,0.079244316,0.07934133,train,0.0,1690.0,0.07430773579113147,0.07275810168270742,0.07561760497069282
2023-07-07,0.065,0.07979977,0.079952605,train,0.0,1370.0,0.07424674443964667,0.07275810168270742,0.07540706770210252
2023-07-08,0.065,0.081220865,0.08161189,train,0.0,1480.0,0.074348128895281,0.07190986144857578,0.07650553783725683
2023-07-09,0.065,0.08195239,0.08215367,train,0.0,1150.0,0.07428435868559809,0.07582356536437589,0.0768171742280607
2023-07-10,0.07,0.08352679,0.08395999,train,0.0,1330.0,0.07439830387789348,0.07497532513024424,0.07783791490247832
2023-07-11,0.069,0.08397552,0.084098995,train,0.0,870.0,0.07447947284682409,0.07582356536437589,0.07695268661230065
2023-07-12,0.078,0.08516331,0.08549013,train,0.0,930.0,0.07531038452735363,0.07582356536437589,0.07782478494774904
2023-07-13,0.069,0.085789606,0.08596194,train,0.0,640.0,0.0755651319477735,0.07561491677738094,0.07776806834971718
2023-07-14,0.076,0.08649437,0.08668829,train,0.0,480.0,0.07915839272562099,0.0775404936537692,0.07820326174254191
2023-07-15,0.093,0.08799768,0.088411324,train,0.7,640.0,0.08269648646283245,0.08642201980311141,0.07970633667262636
2023-07-16,0.153,0.11713503,0.1251523,train,21.3,6690.0,0.13249208557508918,0.13075191750378196,0.10670334135926383
2023-07-17,0.15,0.115217224,0.11468954,train,0.0,7450.0,0.12179571292880441,0.1247956394676858,0.09523284898799139
2023-07-18,0.092,0.10304502,0.09969579,train,11.5,3500.0,0.09529416383396189,0.09902971838026466,0.07962952524629502
2023-07-19,0.086,0.10209756,0.10183687,train,1.6,5110.0,0.08791347432724633,0.09303817919506512,0.08364076160424483
2023-07-20,0.126,0.09661994,0.09511275,train,0.2,3410.0,0.0982998082556958,0.09874387218965862,0.07620732131675542
2023-07-21,0.106,0.092525885,0.09139939,train,0.0,2040.0,0.09221953188581371,0.0870219193532427,0.07485818577496939
2023-07-22,0.086,0.091420785,0.091116704,train,0.0,1670.0,0.08485206917553201,0.08403246391894714,0.07519866951676381
2023-07-23,0.088,0.09086115,0.09070717,train,0.0,1250.0,0.07991059880903631,0.08123930193220279,0.07529454776069763
2023-07-24,0.086,0.09112091,0.09119239,train,0.0,1140.0,0.07968211882198874,0.08208754216633445,0.07750873288385769
2023-07-25,0.072,0.091437384,0.09152447,train,0.0,970.0,0.07912069298708538,0.08123930193220279,0.07809519008713203
2023-07-26,0.082,0.09137749,0.09136101,train,0.0,630.0,0.079546897493882,0.08123930193220279,0.07786389218622718
2023-07-27,0.1,0.0913713,0.09136959,train,0.0,360.0,0.08145029708139556,0.08232049594615638,0.07834589896574987
2023-07-28,0.08,0.09260401,0.0929432,train,0.0,640.0,0.0805290881375857,0.08232049594615638,0.08023779554772219
2023-07-29,0.095,0.093431205,0.09365881,train,0.0,600.0,0.08313751860845912,0.0839261494803748,0.08020430217713759
2023-07-30,0.111,0.10840208,0.11252139,train,28.0,2920.0,0.11791811335459317,0.11905928176534639,0.10211744880395449
2023-07-31,0.109,0.09764856,0.09468968,train,0.0,1990.0,0.11145972795893205,0.11184242647478165,0.0929591368780475
2023-08-01,0.103,0.10031261,0.10104564,train,6.5,2335.0,0.09557740812222924,0.09679016193535404,0.08790889654642495
2023-08-02,0.096,0.09940753,0.099158496,train,0.0,2335.0,0.0867763896763389,0.08696005751769255,0.08411576741968255
2023-08-03,0.088,0.091352135,0.089135654,train,0.0,1130.0,0.08602762196460048,0.08510293057114403,0.08086124383190545
2023-08-04,0.077,0.087692946,0.086686105,train,0.0,430.0,0.08386120599164353,0.0838960367574291,0.08036837960339048
2023-08-05,0.09,0.086169094,0.0857498,train,0.0,450.0,0.08502929915416513,0.08412899053725104,0.08183176227972123
2023-08-06,0.081,0.08484694,0.084483154,train,0.0,260.0,0.07938206602749412,0.08147225571202472,0.08103525830380183
2023-08-07,0.07,0.083817005,0.08353361,train,0.0,190.0,0.07923882795337536,0.07770864847461607,0.08254440387860591
2023-08-08,0.08,0.083896,0.083917744,train,0.0,600.0,0.07944662420341009,0.08107402085037946,0.0832291267669769
2023-08-09,0.078,0.08328637,0.083118625,train,0.4,360.0,0.08051229300478355,0.08349000024548911,0.08234679857911781
2023-08-10,0.114,0.110994704,0.11861877,train,32.3,4340.0,0.11736863636038629,0.11979147284154663,0.11072128200693378
2023-08-11,0.144,0.09705894,0.09322445,train,0.5,4240.0,0.12310023003332052,0.11589982268582638,0.1005698630352514
2023-08-12,0.109,0.11685634,0.12230368,train,13.3,7380.0,0.11283047576980029,0.11477038685307603,0.10598521602276711
2023-08-13,0.133,0.11509142,0.11460579,train,13.0,6820.0,0.11710238340507541,0.11372058643964583,0.09999423157948215
2023-08-14,0.084,0.10276698,0.09937586,train,4.1,5540.0,0.08744330179459997,0.08660099192610671,0.08512264203405184
2023-08-15,0.08,0.09273822,0.089978755,train,3.8,3480.0,0.08411563717452512,0.08787005831672949,0.08038232070938234
2023-08-16,0.08,0.08675753,0.08511192,train,2.7,2300.0,0.08148512614403916,0.08372401694868156,0.0800028071549563
2023-08-17,0.083,0.08229403,0.08106588,train,0.6,1400.0,0.07836970752128057,0.08082343000120332,0.0775107603038751
2023-08-18,0.089,0.079941235,0.079293855,train,0.0,1000.0,0.07730789386522145,0.08163673497890894,0.08033340239758453
2023-08-19,0.082,0.07984929,0.07982399,train,1.5,980.0,0.07711921743095515,0.07919087519719038,0.08096045849922108
2023-08-20,0.116,0.09777066,0.102701806,train,28.7,3030.0,0.11373689499972973,0.11378042954933545,0.10255518079118792
2023-08-21,0.091,0.084448636,0.080783024,train,0.1,2340.0,0.08810353022945919,0.09484661108405663,0.09450255181694657
2023-08-22,0.088,0.0865309,0.08710384,train,5.6,3000.0,0.08291696710301377,0.08859049970167115,0.0938199930358465
2023-08-23,0.08,0.09424165,0.09636329,train,30.4,2670.0,0.09276936285271162,0.09340382551558746,0.10608967318537697
2023-08-24,0.078,0.08288292,0.07975751,train,2.2,2610.0,0.08438428064191345,0.08590119052842954,0.09683069058404507
2023-08-25,0.07,0.07748112,0.07599479,train,0.0,1770.0,0.07510934324333293,0.0724970458762454,0.09042764954635106
2023-08-26,0.064,0.07585338,0.07540549,train,0.1,1580.0,0.07282292009474396,0.06831155211649956,0.08693705712000664
2023-08-27,0.093,0.09846768,0.104690105,train,36.7,4300.0,0.10171536220269495,0.10039311857130734,0.107106667631064
2023-08-28,0.145,0.116665594,0.12167283,train,27.3,10310.0,0.13672714939445593,0.14068875814133308,0.12992477882851708
2023-08-29,0.148,0.12977833,0.13338636,train,27.5,16730.0,0.1396861935631378,0.13984051790720142,0.1384383321326751
2023-08-30,0.079,0.083349794,0.07057478,train,0.0,4300.0,0.08277297874591881,0.08494235323785719,0.075813606503499
2023-08-31,0.065,0.07074463,0.06727627,train,0.2,2880.0,0.07162037697205688,0.06205894360722723,0.0678883307862042
2023-09-01,0.064,0.06798453,0.067225076,train,2.3,3000.0,0.07268165294085877,0.06908164154344462,0.07865897614563075
2023-09-02,0.063,0.06457361,0.06363508,train,0.0,2260.0,0.07292573796034693,0.07062444161294519,0.07914047625050326
2023-09-03,0.065,0.06258021,0.062031716,train,0.0,1730.0,0.07082493436298945,0.06779129385918849,0.07637989987280973
2023-09-04,0.064,0.06062873,0.060091775,train,0.0,1120.0,0.07109526532423878,0.06947844683999091,0.07458937224758681
2023-09-05,0.062,0.06492127,0.06610238,train,5.3,1660.0,0.0717832007795293,0.06787243517847301,0.07808014409375058
2023-09-06,0.087,0.08271642,0.08761283,train,14.3,4310.0,0.09778219260878128,0.09835588001477022,0.0949927433402361
2023-09-07,0.095,0.07998782,0.07923703,train,4.7,4500.0,0.08435916733670629,0.09465468463037181,0.09056023712337927
2023-09-08,0.079,0.0739765,0.072322465,train,6.1,2840.0,0.0814237689797604,0.0789209961315512,0.08219608512486559
2023-09-09,0.073,0.06559925,0.06329421,train,0.0,1950.0,0.07343284389004565,0.07313905852290374,0.07722789031635319
2023-09-10,0.072,0.0690627,0.07001569,train,4.8,2270.0,0.07362835543311194,0.07003260668144722,0.07996826959361646
2023-09-11,0.069,0.06386035,0.062428903,train,0.0,1540.0,0.0731142075688846,0.07176309342745028,0.0775173821156367
2023-09-12,0.067,0.06300464,0.0627692,train,0.0,1520.0,0.07169124967568818,0.06859165115493675,0.07589213128332672
2023-09-13,0.072,0.076570496,0.08030321,val,4.6,3430.0,0.07548299523227506,0.07223166088244425,0.08195074017611989
2023-09-14,0.179,0.16224152,0.18581428,val,28.5,17540.0,0.1251316808251662,0.12317927554724707,0.1269063135194659
2023-09-15,0.157,0.1637057,0.16410859,val,34.4,27520.0,0.15293098015873033,0.15676041790041595,0.13843427526531704
2023-09-16,0.09,0.10926336,0.09428332,val,0.1,9590.0,0.0922169003264904,0.07337097130559014,0.04848605529778613
2023-09-17,0.068,0.088466294,0.08274389,val,0.0,7180.0,0.07717496924744488,0.055546217098761785,0.043378779233682004
2023-09-18,0.062,0.07683751,0.073637806,val,0.0,5270.0,0.06347469439103266,0.045595919788331815,0.05546828332586265
2023-09-19,0.061,0.06734563,0.06473389,val,0.0,3410.0,0.06218211710767925,0.046753118356197595,0.06089262103789139
2023-09-20,0.064,0.06397981,0.0630537,val,0.0,2790.0,0.062039862713680574,0.05196380599081188,0.06601870219747918
2023-09-21,0.064,0.06188603,0.06130992,val,0.0,2210.0,0.06423359977364194,0.052513986290096286,0.0649111829042624
2023-09-22,0.062,0.060542904,0.060173336,val,0.0,1780.0,0.06490088569034484,0.0759244930028641,0.06304133105891244
2023-09-23,0.059,0.061305963,0.06151592,val,0.0,1800.0,0.06519914087174927,0.08823397391283166,0.06860036243987169
2023-09-24,0.062,0.06214491,0.06237575,val,0.0,1740.0,0.06465357819839326,0.062089543801964284,0.06905433983606812
2023-09-25,0.073,0.08081839,0.085956484,val,22.2,1170.0,0.11121294521616502,0.10093571879730177,0.0809451312322518
2023-09-26,0.073,0.068984516,0.065728374,val,0.0,2510.0,0.0766272215707307,0.09204312922751483,0.08285826025335381
2023-09-27,0.067,0.06470653,0.06352942,val,0.3,1860.0,0.06984128821454953,0.0678849376422564,0.07692835355120439
2023-09-28,0.074,0.06923883,0.07048591,val,0.6,2600.0,0.07039750492332898,0.06329643761567919,0.07592291978852982
2023-09-29,0.084,0.08761821,0.09267537,val,14.6,2700.0,0.10022708538509434,0.09409299516009821,0.07786627653716095
2023-09-30,0.066,0.06763653,0.062138483,val,0.0,1540.0,0.07098192569866794,0.07185187627365568,0.07218378600486258
2023-10-01,0.065,0.05803152,0.055388663,val,0.0,1570.0,0.06788938367319117,0.06720737941027975,0.07663153913458585
2023-10-02,0.067,0.054077808,0.052989926,val,0.0,1210.0,0.06566852590107974,0.061400716477880646,0.07440970338858871
2023-10-03,0.063,0.054183945,0.054213148,val,0.0,1490.0,0.06536075160443532,0.062089543801964284,0.07290270952649947
2023-10-04,0.063,0.055065185,0.055307664,val,0.0,1690.0,0.06523608503489375,0.062089543801964284,0.07286141169291006
2023-10-05,0.062,0.053787876,0.053436417,val,0.0,1430.0,0.06542694077984326,0.06124130356783265,0.07089318040909545
2023-10-06,0.058,0.054283205,0.054419495,val,1.0,1280.0,0.0665377308198095,0.06254580869385351,0.06978190930992906
2023-10-07,0.067,0.06298856,0.065383874,val,3.3,2050.0,0.07473378289512418,0.06583182710992565,0.07421926440912481
2023-10-08,0.07,0.07297476,0.07572251,val,5.8,2630.0,0.07845756576129519,0.07471134236640824,0.07707037382569269
2023-10-09,0.062,0.071560614,0.07117151,val,2.5,3000.0,0.07016418335557738,0.07232505240951023,0.07581651097708564
2023-10-10,0.07,0.07301614,0.073416635,val,3.2,3030.0,0.07385629031060124,0.07124141998965221,0.07376492114197794
2023-10-11,0.056,0.062472045,0.059570793,val,0.1,2270.0,0.06771313939060475,0.0653247732821325,0.06864780885011963
2023-10-12,0.053,0.059956376,0.059264176,val,0.0,2220.0,0.06669043892364755,0.06421247647667938,0.06722746511465408
2023-10-13,0.052,0.058332555,0.057885755,val,0.0,2020.0,0.0658297012323232,0.062422489033534964,0.06660419291763495
2023-10-14,0.05,0.056404307,0.05587374,val,0.0,1760.0,0.06514335985840085,0.06124130356783265,0.0653481303542457
2023-10-15,0.051,0.054973543,0.05457986,val,0.0,1600.0,0.06517181569735668,0.06124130356783265,0.064940381072674
2023-10-16,0.049,0.051419348,0.0504414,val,0.0,1110.0,0.06527988514180114,0.06124130356783265,0.06408146531107337
2023-10-17,0.052,0.051108565,0.05102305,val,0.0,1210.0,0.06522169069735667,0.06124130356783265,0.06498470314204817
2023-10-18,0.053,0.058502838,0.060537405,val,0.0,2250.0,0.06525830473912964,0.062089543801964284,0.06780401628494898
2023-10-19,0.053,0.0738467,0.07806863,val,3.2,2950.0,0.0706981042270037,0.06685269687225771,0.06908025184399166
2023-10-20,0.07,0.0824887,0.08486658,val,6.2,2870.0,0.07861429818856351,0.07420428853861509,0.06888049651953082
2023-10-21,0.061,0.06444293,0.059477568,val,0.9,1920.0,0.0691294329383586,0.0653247732821325,0.06426526588272527
2023-10-22,0.054,0.056775495,0.054665767,val,0.0,1670.0,0.06718185103562643,0.06583182710992565,0.06360568661507865
2023-10-23,0.05,0.05166149,0.05025435,val,0.0,1170.0,0.06597664246090802,0.06417754122025335,0.06264184978827794
2023-10-24,0.05,0.051589407,0.05156957,val,0.0,1330.0,0.06562976869103121,0.06260980205927533,0.0628591141827751
2023-10-25,0.05,0.0504425,0.05012692,val,0.0,1180.0,0.0652591746813584,0.062089543801964284,0.062213511738670624
2023-10-26,0.045,0.05190556,0.05230813,val,0.0,1420.0,0.06539586791996202,0.06124130356783265,0.06225228274730081
2023-10-27,0.102,0.107146114,0.1223458,val,17.4,3820.0,0.10592490980471497,0.10285468670074685,0.07720216612934609
2023-10-28,0.074,0.06632938,0.05509848,val,0.6,1860.0,0.07452553623625333,0.07697466100318771,0.06657080228982312
2023-10-29,0.061,0.05787424,0.055547766,val,0.0,2050.0,0.07119097010511424,0.07198993265129373,0.06423831749372313
2023-10-30,0.059,0.051005803,0.04911592,val,0.0,1300.0,0.06591616954965439,0.06417754122025335,0.06168183440947197
2023-10-31,0.068,0.047502477,0.04653852,val,0.0,1000.0,0.06562551692084559,0.06260980205927533,0.05856363720540351
2023-11-01,0.066,0.053434245,0.0550664,val,0.0,1600.0,0.0652793556891913,0.06260980205927533,0.0695929161557641
2023-11-02,0.059,0.0543206,0.054564483,val,0.0,1500.0,0.0654118319628334,0.06260980205927533,0.06859687958968863
2023-11-03,0.065,0.05118744,0.050325338,val,0.0,1040.0,0.06530840605679172,0.06124130356783265,0.0650245552057459
2023-11-04,0.067,0.052677445,0.05308743,val,0.0,1290.0,0.06506842982538749,0.06124130356783265,0.06665957963731307
2023-11-05,0.057,0.051347952,0.050982136,val,0.0,1060.0,0.0651617800728846,0.062089543801964284,0.06590340272282627
2023-11-06,0.064,0.05005671,0.049701422,val,0.0,920.0,0.06553284941616211,0.06260980205927533,0.06552516040196622
2023-11-07,0.056,0.047672156,0.047016036,val,0.0,650.0,0.06560454362654523,0.06260980205927533,0.06493133413180639
2023-11-08,0.115,0.10101686,0.11569488,val,13.3,3140.0,0.10629224950719492,0.10464442351753354,0.07894317155044728
2023-11-09,0.067,0.06362581,0.053337507,val,0.0,1480.0,0.07193547114819487,0.07876409027662988,0.06934170000344389
2023-11-10,0.147,0.16405237,0.19168517,val,40.8,17220.0,0.13556891967291962,0.13223450917958374,0.12784407209153892
2023-11-11,0.124,0.09582071,0.07704648,val,0.2,5300.0,0.07807985622029412,0.08596512602361457,0.0670222569833011
2023-11-12,0.075,0.06981397,0.0626581,val,2.2,2780.0,0.07117074002971716,0.0775856464555112,0.05259836853643088
2023-11-13,0.057,0.056385398,0.052690472,val,0.4,1980.0,0.07060043038687015,0.0711847671149777,0.060225283652859826
2023-11-14,0.054,0.058647137,0.05926946,val,1.2,2290.0,0.07586884366667052,0.07609019019922413,0.06404767220319475
2023-11-15,0.053,0.061209477,0.06191452,val,0.8,2530.0,0.07072303920960894,0.0744584576728243,0.06505553492593864
2023-11-16,0.054,0.06330881,0.063886456,val,1.4,2380.0,0.07070307585606016,0.07616006097082743,0.06445914891173964
2023-11-17,0.047,0.05761649,0.056050226,val,0.0,1920.0,0.07265536878630671,0.09199479583335368,0.05664035426487633
2023-11-18,0.055,0.05333887,0.052161865,val,0.0,1400.0,0.06943011475335512,0.07406992370663212,0.05866496263536056
2023-11-19,0.046,0.05331176,0.053304303,val,0.0,1420.0,0.06822796018267625,0.07263406444637696,0.059860003786173746
2023-11-20,0.071,0.053601425,0.053681128,val,0.0,1370.0,0.06783527404827802,0.0736125939812976,0.060089680827191405
2023-11-21,0.072,0.052898444,0.052705016,val,0.0,1200.0,0.06788995523514672,0.07276435374716594,0.059396390968504784
2023-11-22,0.085,0.052351464,0.052200958,val,0.0,1090.0,0.06771320182605582,0.07276435374716594,0.058912752940714685
2023-11-23,0.059,0.05487654,0.055571325,val,0.0,1350.0,0.06775077448579273,0.07276435374716594,0.059459106876000666
2023-11-24,0.065,0.054516487,0.054417416,val,0.0,1190.0,0.06773087170801494,0.0736125939812976,0.058510748964050285
2023-11-25,0.06,0.054479077,0.054468784,val,0.0,1150.0,0.06786228010400491,0.07413285223860867,0.05799179418080594
2023-11-26,0.064,0.056334667,0.056845244,val,0.0,1320.0,0.06782500945503735,0.07413285223860867,0.05809247878830562
2023-11-27,0.061,0.056290954,0.05627892,val,0.0,1230.0,0.06790281073708863,0.07413285223860867,0.05730182894645358
2023-11-28,0.048,0.058632143,0.059276335,val,0.0,1450.0,0.06798975521328782,0.07413285223860867,0.05734803303697204
2023-11-29,0.048,0.058563855,0.058545064,val,0.0,1350.0,0.06796954820381179,0.07333353293486182,0.056363640543325724
2023-11-30,0.054,0.061179783,0.06189957,val,1.0,1240.0,0.06922758010954394,0.0749837052996893,0.0561548760001922
2023-12-01,0.049,0.05008059,0.047026597,val,0.0,880.0,0.07196684296523294,0.07604151294249097,0.06489600955714231
2023-12-02,0.048,0.047633648,0.04696036,val,0.0,890.0,0.06869520845144854,0.07418438599594245,0.06532505067463425
2023-12-03,0.049,0.05431015,0.056147218,val,2.0,950.0,0.07115601376819396,0.0749837052996893,0.06676653458984
2023-12-04,0.088,0.110511854,0.125976,val,15.0,3380.0,0.11029308473834831,0.1172373876419978,0.08070994422684741
2023-12-05,0.06,0.063605785,0.05069937,val,0.0,1580.0,0.07464469460536913,0.08815581250222496,0.06994426601899427
2023-12-06,0.053,0.050064847,0.046338998,val,0.0,1070.0,0.07048673752883503,0.07889464709428985,0.06595883312329362
2023-12-07,0.047,0.046191245,0.045125403,val,0.0,900.0,0.06852934434485625,0.07328461200447701,0.06556776803653595
2023-12-08,0.049,0.04586367,0.045773532,val,0.0,930.0,0.06830071294154379,0.07413285223860867,0.06402080382816698
2023-12-09,0.053,0.047849964,0.0483965,val,0.0,1150.0,0.06839936818245403,0.07413285223860867,0.06462692492320342
2023-12-10,0.05,0.052924853,0.054321233,val,0.0,1650.0,0.0684027750314489,0.07328461200447701,0.06492094034221525
2023-12-11,0.065,0.047376357,0.045849662,val,0.0,820.0,0.06791623754729398,0.07276435374716594,0.06011488487134953
2023-12-12,0.051,0.0446408,0.043888103,val,0.0,620.0,0.06789972599513888,0.07393001118173244,0.060733218107913295
2023-12-13,0.045,0.04339002,0.043045864,val,0.0,540.0,0.06822026822812999,0.07436580601843061,0.061628191584548825
2023-12-14,0.047,0.048157983,0.049469903,val,0.0,1140.0,0.06815057106532392,0.07413285223860867,0.06367853494956457
2023-12-15,0.049,0.047484256,0.04729888,val,0.0,920.0,0.06845945761717787,0.07333353293486182,0.06196597542817782
2023-12-16,0.054,0.061218005,0.064996906,val,4.3,890.0,0.07429866203360631,0.0749837052996893,0.06360720655395766
2023-12-17,0.039,0.05388862,0.051871903,val,1.4,830.0,0.076638194852786,0.07663799118936158,0.06351264397510238
2023-12-18,0.037,0.052504092,0.052123137,val,1.4,850.0,0.07208774807227217,0.07684083224623782,0.06390389955300659
2023-12-19,0.044,0.06411526,0.06731013,val,4.3,1210.0,0.07650984199852198,0.06964291675240197,0.06644652897367082
2023-12-20,0.037,0.05022051,0.046397313,val,0.1,820.0,0.06922897251132516,0.06964291675240197,0.0629654080844256
2023-12-21,0.034,0.04647228,0.04544094,val,0.0,720.0,0.06759100276986756,0.06778578980585344,0.06148242415638927
2023-12-22,0.039,0.046860825,0.046967734,val,0.0,840.0,0.06377823941022545,0.06354010447159396,0.061323446567467035
2023-12-23,0.033,0.045336742,0.044917382,val,0.0,600.0,0.06281242557821341,0.06684500736180851,0.05938969207738615
2023-12-24,0.048,0.04898392,0.049987458,val,0.0,1080.0,0.06280381316273184,0.06684500736180851,0.06059223312346351
2023-12-25,0.048,0.05403731,0.05542777,val,0.0,1540.0,0.06273919071543277,0.06684500736180851,0.06077238873340125
2023-12-26,0.043,0.053414974,0.053243734,val,0.0,1280.0,0.06208266590348078,0.06684500736180851,0.058208827893933876
2023-12-27,0.044,0.05170743,0.051237594,val,0.0,1050.0,0.061909185369264146,0.06637352570582711,0.05711109453296362
2023-12-28,0.043,0.0486139,0.047762703,val,0.0,690.0,0.061796692356841786,0.06637352570582711,0.05661081284017559
2023-12-29,0.046,0.052851733,0.05401779,val,0.0,1280.0,0.061663256877934905,0.06637352570582711,0.05892237749674767
2023-12-30,0.055,0.054056063,0.054387443,val,0.4,1120.0,0.06557694618156748,0.07150322945072903,0.0582441971004166
2023-12-31,0.081,0.050921153,0.05005857,val,0.0,850.0,0.07279236917329408,0.07336035639727756,0.05687277329032844
