date,crop_daily_source,impervious_daily_source,total_daily_source,crop_source_weight,impervious_source_weight,period
2023-01-01,0.022930374,0.032879375,0.05580975,0.00032369248,0.0017582553,Calibration
2023-01-02,0.023420397,0.03339487,0.056815267,0.0003306098,0.0017858219,Calibration
2023-01-03,0.037058994,0.05612772,0.093186714,0.0005231366,0.0030014822,Calibration
2023-01-04,0.025429584,0.036367018,0.0617966,0.00035897212,0.0019447602,Calibration
2023-01-05,0.024283735,0.034284197,0.058567934,0.00034279696,0.0018333794,Calibration
2023-01-06,0.023248667,0.032304864,0.055553533,0.0003281856,0.0017275328,Calibration
2023-01-07,0.022875529,0.03129814,0.054173667,0.00032291826,0.0016736971,Calibration
2023-01-08,0.038361546,0.05723916,0.09560071,0.0005415238,0.0030609176,Calibration
2023-01-09,0.24520886,0.22124685,0.4664557,0.0034614466,0.011831382,Calibration
2023-01-10,0.04339661,0.07118045,0.114577055,0.0006126004,0.0038064409,Calibration
2023-01-11,0.038635917,0.06413313,0.10276905,0.00054539694,0.003429579,Calibration
2023-01-12,0.091759995,0.14513868,0.23689868,0.0012953134,0.0077614263,Calibration
2023-01-13,0.12009697,0.174074,0.29417098,0.0016953271,0.009308769,Calibration
2023-01-14,0.044201307,0.074259005,0.11846031,0.00062395976,0.0039710696,Calibration
2023-01-15,0.037498552,0.061484482,0.098983034,0.0005293415,0.00328794,Calibration
2023-01-16,0.042932134,0.07055627,0.113488406,0.00060604373,0.0037730623,Calibration
2023-01-17,0.035091855,0.053452127,0.08854398,0.0004953678,0.0028584024,Calibration
2023-01-18,0.033930387,0.049774393,0.083704785,0.0004789722,0.0026617323,Calibration
2023-01-19,0.029581856,0.041655324,0.07123718,0.0004175869,0.0022275574,Calibration
2023-01-20,0.02774758,0.03738536,0.06513294,0.0003916937,0.001999217,Calibration
2023-01-21,0.027768282,0.035965476,0.06373376,0.00039198593,0.0019232874,Calibration
2023-01-22,0.028442621,0.035587598,0.064030215,0.00040150512,0.00190308,Calibration
2023-01-23,0.0286525,0.03471019,0.06336269,0.00040446784,0.0018561599,Calibration
2023-01-24,0.027822914,0.032610126,0.060433038,0.00039275712,0.0017438569,Calibration
2023-01-25,0.028457819,0.032422084,0.0608799,0.00040171965,0.0017338012,Calibration
2023-01-26,0.028857155,0.03200809,0.060865246,0.0004073568,0.0017116624,Calibration
2023-01-27,0.028556531,0.030822605,0.059379138,0.0004031131,0.0016482676,Calibration
2023-01-28,0.028708,0.030203074,0.058911074,0.00040525128,0.0016151376,Calibration
2023-01-29,0.028504292,0.029222861,0.05772715,0.00040237568,0.0015627198,Calibration
2023-01-30,0.030747062,0.030939907,0.06168697,0.00043403535,0.0016545404,Calibration
2023-01-31,0.035279293,0.035008922,0.07028821,0.00049801375,0.0018721347,Calibration
2023-02-01,0.035024386,0.033681706,0.068706095,0.0004944154,0.0018011606,Calibration
2023-02-02,0.034093767,0.03201581,0.06610958,0.0004812785,0.0017120754,Calibration
2023-02-03,0.03710895,0.034246344,0.0713553,0.00052384177,0.0018313553,Calibration
2023-02-04,0.0715395,0.07195292,0.14349242,0.0010098744,0.0038477494,Calibration
2023-02-05,0.18620256,0.14265296,0.3288555,0.0026284948,0.0076285,Calibration
2023-02-06,0.06045677,0.0642258,0.124682575,0.0008534271,0.0034345347,Calibration
2023-02-07,0.087592654,0.08884495,0.1764376,0.0012364859,0.0047510667,Calibration
2023-02-08,0.05019282,0.05071609,0.10090891,0.0007085379,0.0027120903,Calibration
2023-02-09,0.05669709,0.057243694,0.11394078,0.00080035423,0.00306116,Calibration
2023-02-10,0.12384114,0.10942893,0.23327006,0.0017481811,0.005851814,Calibration
2023-02-11,0.1017212,0.09528704,0.19700824,0.0014359289,0.0050955634,Calibration
2023-02-12,0.07060251,0.069860205,0.14046271,0.0009966475,0.0037358396,Calibration
2023-02-13,0.07216915,0.07098718,0.14315632,0.0010187627,0.0037961057,Calibration
2023-02-14,0.046074986,0.042472243,0.08854723,0.0006504092,0.002271243,Calibration
2023-02-15,0.043374993,0.038173016,0.081548005,0.00061229523,0.0020413378,Calibration
2023-02-16,0.04235892,0.035549738,0.07790866,0.00059795205,0.0019010555,Calibration
2023-02-17,0.04343555,0.03485638,0.07829193,0.0006131501,0.0018639774,Calibration
2023-02-18,0.041920155,0.03225633,0.07417649,0.0005917583,0.0017249375,Calibration
2023-02-19,0.03998205,0.0294743,0.069456354,0.0005643994,0.0015761657,Calibration
2023-02-20,0.03969638,0.028074795,0.067771174,0.0005603668,0.0015013259,Calibration
2023-02-21,0.03986555,0.027120117,0.06698567,0.0005627548,0.0014502736,Calibration
2023-02-22,0.040008683,0.026238732,0.06624742,0.0005647753,0.0014031407,Calibration
2023-02-23,0.045500845,0.028972879,0.074473724,0.0006423044,0.0015493517,Calibration
2023-02-24,0.040104985,0.024722353,0.06482734,0.00056613475,0.0013220509,Calibration
2023-02-25,0.046872407,0.028128395,0.0750008,0.00066166586,0.0015041921,Calibration
2023-02-26,0.051215522,0.030022869,0.08123839,0.00072297466,0.0016055009,Calibration
2023-02-27,0.25055337,0.02452489,0.27507827,0.0035368914,0.0013114914,Calibration
2023-02-28,0.2529469,0.024331722,0.27727863,0.0035706793,0.0013011616,Calibration
2023-03-01,0.3242609,0.044211153,0.36847204,0.0045773704,0.0023642327,Calibration
2023-03-02,0.32220033,0.04232034,0.36452067,0.004548283,0.0022631197,Calibration
2023-03-03,0.326175,0.04240466,0.36857966,0.0046043904,0.0022676287,Calibration
2023-03-04,0.3263869,0.040763747,0.36715063,0.0046073818,0.0021798795,Calibration
2023-03-05,0.32445595,0.039153956,0.3636099,0.004580124,0.0020937943,Calibration
2023-03-06,0.32686365,0.038525242,0.3653889,0.0046141115,0.0020601733,Calibration
2023-03-07,0.32648414,0.037362102,0.36384624,0.0046087545,0.0019979733,Calibration
2023-03-08,0.3296523,0.03697122,0.36662352,0.004653477,0.0019770705,Calibration
2023-03-09,0.32864544,0.03578917,0.3644346,0.0046392637,0.0019138593,Calibration
2023-03-10,0.32622537,0.03433341,0.36055878,0.0046051014,0.0018360112,Calibration
2023-03-11,0.32543272,0.033200625,0.35863334,0.004593912,0.0017754345,Calibration
2023-03-12,0.37723053,0.04828191,0.42551243,0.0053251064,0.0025819202,Calibration
2023-03-13,0.3264985,0.032666963,0.35916546,0.004608957,0.0017468963,Calibration
2023-03-14,0.32826394,0.032013245,0.36027718,0.0046338784,0.0017119382,Calibration
2023-03-15,0.3285356,0.031137075,0.35967267,0.004637713,0.0016650842,Calibration
2023-03-16,0.33008623,0.030509785,0.360596,0.0046596024,0.0016315392,Calibration
2023-03-17,0.32960653,0.02957713,0.35918367,0.0046528312,0.0015816647,Calibration
2023-03-18,0.37601793,0.035971105,0.41198903,0.005307989,0.0019235885,Calibration
2023-03-19,0.40123805,0.039425008,0.44066307,0.0056640045,0.0021082892,Calibration
2023-03-20,0.37410805,0.035709083,0.40981713,0.005281029,0.0019095766,Calibration
2023-03-21,0.36482692,0.033811387,0.3986383,0.005150013,0.0018080955,Calibration
2023-03-22,0.34497172,0.030085323,0.37505704,0.0048697307,0.0016088408,Calibration
2023-03-23,0.69548935,0.069388665,0.76487803,0.009817749,0.0037106236,Calibration
2023-03-24,1.4714056,0.06588093,1.5372865,0.020770831,0.0035230443,Calibration
2023-03-25,1.7848175,0.060097095,1.8449146,0.025195053,0.0032137483,Calibration
2023-03-26,0.7835295,0.21276382,0.9962933,0.011060553,0.011377743,Calibration
2023-03-27,0.9895003,0.22501664,1.2145169,0.013968102,0.0120329745,Calibration
2023-03-28,0.61785054,0.23441906,0.8522696,0.008721775,0.012535778,Calibration
2023-03-29,1.0097715,0.24866143,1.2584329,0.014254256,0.013297402,Calibration
2023-03-30,0.79151785,0.27241507,1.0639329,0.011173319,0.01456765,Calibration
2023-03-31,0.54249775,0.21968573,0.7621835,0.0076580714,0.011747899,Calibration
2023-04-01,0.46076262,0.16716962,0.62793225,0.006504272,0.008939551,Calibration
2023-04-02,0.6142438,0.18200772,0.79625154,0.008670862,0.009733032,Calibration
2023-04-03,0.17375523,0.13462979,0.308385,0.0024527842,0.0071994537,Calibration
2023-04-04,0.65869844,0.13215695,0.7908554,0.009298397,0.0070672166,Calibration
2023-04-05,0.766155,0.22063865,0.98679364,0.010815289,0.011798858,Calibration
2023-04-06,0.3440114,0.27096683,0.6149782,0.004856175,0.014490204,Calibration
2023-04-07,0.2489857,0.2266391,0.4756248,0.0035147616,0.012119737,Calibration
2023-04-08,0.2137352,0.18571055,0.39944574,0.0030171543,0.009931045,Calibration
2023-04-09,0.1958877,0.15327185,0.34915954,0.0027652134,0.008196356,Calibration
2023-04-10,0.17941111,0.12565324,0.30506435,0.0025326246,0.0067194244,Calibration
2023-04-11,0.16788064,0.10419265,0.2720733,0.0023698567,0.0055717994,Calibration
2023-04-12,0.172213,0.092428446,0.26464146,0.0024310136,0.0049426975,Calibration
2023-04-13,0.16144554,0.08133413,0.24277967,0.002279017,0.0043494185,Calibration
2023-04-14,0.13758513,0.06296899,0.20055413,0.0019421957,0.0033673255,Calibration
2023-04-15,0.12580979,0.05133599,0.17714578,0.0017759711,0.00274524,Calibration
2023-04-16,0.110782415,0.040980723,0.15176314,0.00156384,0.0021914823,Calibration
2023-04-17,0.09858343,0.033007286,0.13159072,0.0013916352,0.0017650955,Calibration
2023-04-18,0.11229779,0.033063143,0.14536093,0.0015852314,0.0017680825,Calibration
2023-04-19,0.7426587,0.053442698,0.7961014,0.010483607,0.0028578981,Calibration
2023-04-20,0.2032977,0.06801666,0.27131438,0.0028698153,0.0036372545,Calibration
2023-04-21,0.15846519,0.05611584,0.21458103,0.0022369453,0.0030008468,Calibration
2023-04-22,0.15552956,0.052108746,0.20763831,0.002195505,0.002786564,Calibration
2023-04-23,0.38248047,0.07610538,0.45858586,0.0053992164,0.004069806,Calibration
2023-04-24,0.2850322,0.07556387,0.3605961,0.0040236055,0.0040408485,Calibration
2023-04-25,0.23784429,0.07128524,0.30912954,0.0033574859,0.0038120449,Calibration
2023-04-26,0.187506,0.05997706,0.24748306,0.0026468947,0.0032073292,Calibration
2023-04-27,0.15709113,0.04995267,0.2070438,0.0022175484,0.0026712657,Calibration
2023-04-28,0.15630104,0.04575551,0.20205654,0.0022063954,0.0024468186,Calibration
2023-04-29,0.6631177,0.062142536,0.72526026,0.009360781,0.00332313,Calibration
2023-04-30,0.45331123,0.042215277,0.49552652,0.006399086,0.0022575012,Calibration
2023-05-01,0.3997645,0.033293035,0.43305755,0.0056432034,0.0017803761,Calibration
2023-05-02,0.3897106,0.0292645,0.4189751,0.005501279,0.0015649465,Calibration
2023-05-03,0.40061578,0.027822012,0.4284378,0.0056552202,0.0014878081,Calibration
2023-05-04,0.38825846,0.024794048,0.4130525,0.0054807803,0.0013258848,Calibration
2023-05-05,0.3814625,0.022539174,0.40400168,0.0053848466,0.0012053034,Calibration
2023-05-06,1.0952101,0.023189832,1.1183999,0.015460335,0.0012400979,Calibration
2023-05-07,1.2235558,0.06920828,1.2927641,0.017272104,0.0037009774,Calibration
2023-05-08,0.68382186,0.07378806,0.7576099,0.009653048,0.0039458857,Calibration
2023-05-09,0.6061092,0.07024096,0.6763502,0.008556031,0.003756201,Calibration
2023-05-10,0.8670355,0.08331124,0.95034677,0.01223935,0.0044551464,Calibration
2023-05-11,0.8773951,0.09140919,0.9688043,0.012385589,0.004888192,Calibration
2023-05-12,0.60490805,0.07822402,0.68313205,0.008539075,0.0041831024,Calibration
2023-05-13,0.5376309,0.06733554,0.60496646,0.0075893695,0.0036008307,Calibration
2023-05-14,0.5204282,0.060035028,0.58046323,0.0073465304,0.003210429,Calibration
2023-05-15,0.4796902,0.050685193,0.53037536,0.0067714597,0.002710438,Calibration
2023-05-16,0.48388234,0.046171736,0.5300541,0.0068306373,0.0024690768,Calibration
2023-05-17,0.6092226,0.05393109,0.6631537,0.008599981,0.0028840154,Calibration
2023-05-18,0.5279262,0.046311446,0.57423764,0.007452375,0.0024765478,Calibration
2023-05-19,0.4658806,0.037423957,0.50330454,0.0065765195,0.0020012811,Calibration
2023-05-20,0.51302564,0.04033057,0.55335623,0.0072420337,0.002156715,Calibration
2023-05-21,0.66310084,0.04797037,0.7110712,0.009360543,0.0025652603,Calibration
2023-05-22,0.61084425,0.045728687,0.65657294,0.008622873,0.0024453842,Calibration
2023-05-23,0.4724578,0.034399483,0.5068573,0.006669365,0.0018395445,Calibration
2023-05-24,0.47254205,0.032932468,0.5054745,0.006670554,0.0017610944,Calibration
2023-05-25,0.54880095,0.040047634,0.5888486,0.0077470494,0.0021415846,Calibration
2023-05-26,0.44525132,0.028583836,0.47383514,0.00628531,0.0015285473,Calibration
2023-05-27,0.3993282,0.02377494,0.42310315,0.0056370446,0.0012713871,Calibration
2023-05-28,0.39031166,0.021495154,0.41180682,0.005509764,0.0011494735,Calibration
2023-05-29,0.38442922,0.01970072,0.40412992,0.0054267254,0.0010535144,Calibration
2023-05-30,0.36975402,0.017535003,0.38728902,0.0052195657,0.0009377007,Calibration
2023-05-31,0.36629027,0.016281065,0.38257134,0.0051706703,0.0008706451,Calibration
2023-06-01,0.36070707,0.014959336,0.3756664,0.0050918562,0.0007999645,Calibration
2023-06-02,0.36049524,0.014309736,0.37480497,0.0050888658,0.0007652265,Calibration
2023-06-03,0.3302525,0.030690482,0.360943,0.00466195,0.0016412021,Calibration
2023-06-04,0.31579566,0.03438376,0.35017943,0.0044578724,0.0018387036,Calibration
2023-06-05,0.14243163,0.023530658,0.1659623,0.0020106104,0.0012583239,Calibration
2023-06-06,0.126149,0.020966796,0.1471158,0.0017807595,0.001121219,Calibration
2023-06-07,0.14139764,0.022943862,0.16434151,0.0019960143,0.0012269444,Calibration
2023-06-08,0.124769844,0.019713584,0.14448343,0.001761291,0.0010542023,Calibration
2023-06-09,0.1264678,0.019575024,0.14604282,0.0017852597,0.0010467927,Calibration
2023-06-10,0.120870076,0.018142585,0.13901266,0.0017062406,0.0009701917,Calibration
2023-06-11,0.10312918,0.015327938,0.118457116,0.0014558044,0.0008196758,Calibration
2023-06-12,0.09523979,0.013787423,0.109027214,0.0013444353,0.0007372953,Calibration
2023-06-13,0.10326273,0.014227539,0.11749027,0.0014576897,0.00076083094,Calibration
2023-06-14,0.105011694,0.014343873,0.11935557,0.0014823786,0.000767052,Calibration
2023-06-15,0.10299203,0.013576609,0.11656864,0.0014538683,0.0007260218,Calibration
2023-06-16,0.13328414,0.017201884,0.15048602,0.0018814814,0.0009198868,Calibration
2023-06-17,0.33748347,0.027475648,0.36495912,0.004764024,0.0014692859,Calibration
2023-06-18,0.4435345,0.03233999,0.47587448,0.0062610744,0.0017294112,Calibration
2023-06-19,0.14774574,0.026647944,0.17439368,0.0020856261,0.0014250237,Calibration
2023-06-20,0.109781906,0.021161843,0.13094375,0.0015497165,0.0011316494,Calibration
2023-06-21,0.09672147,0.018094955,0.11481643,0.0013653511,0.0009676446,Calibration
2023-06-22,0.1313018,0.022839356,0.15414116,0.0018534982,0.0012213559,Calibration
2023-06-23,0.2026275,0.029949702,0.2325772,0.0028603545,0.0016015883,Calibration
2023-06-24,0.28438532,0.03583645,0.32022178,0.004014474,0.0019163877,Calibration
2023-06-25,0.13466382,0.025063513,0.15972733,0.0019009574,0.0013402947,Calibration
2023-06-26,0.13225397,0.02467009,0.15692407,0.0018669394,0.0013192561,Calibration
2023-06-27,0.11139269,0.020567432,0.13196012,0.0015724548,0.0010998626,Calibration
2023-06-28,0.10013613,0.018020207,0.118156336,0.0014135536,0.0009636474,Calibration
2023-06-29,0.32044235,0.015470345,0.3359127,0.0045234663,0.0008272911,Calibration
2023-06-30,0.3277984,0.015125146,0.34292355,0.004627307,0.0008088313,Calibration
2023-07-01,0.36326444,0.020182695,0.38344714,0.0051279566,0.0010792884,Calibration
2023-07-02,0.28854638,0.011429576,0.29997596,0.004073213,0.0006112073,Calibration
2023-07-03,0.2938963,0.011770671,0.30566695,0.004148734,0.00062944763,Calibration
2023-07-04,0.2850232,0.010359268,0.29538247,0.004023479,0.0005539715,Calibration
2023-07-05,0.292017,0.010525066,0.3025421,0.0041222055,0.00056283775,Calibration
2023-07-06,0.27859652,0.0093727475,0.28796926,0.0039327573,0.00050121645,Calibration
2023-07-07,0.27157956,0.008647876,0.28022745,0.0038337037,0.00046245323,Calibration
2023-07-08,0.27518573,0.008698152,0.2838839,0.0038846096,0.0004651418,Calibration
2023-07-09,0.26741576,0.008024635,0.2754404,0.0037749263,0.00042912483,Calibration
2023-07-10,0.2723544,0.008241818,0.28059623,0.0038446416,0.00044073892,Calibration
2023-07-11,0.26097012,0.0073894504,0.26835957,0.0036839375,0.00039515775,Calibration
2023-07-12,0.26253563,0.0074202754,0.2699559,0.0037060368,0.00039680616,Calibration
2023-07-13,0.2552417,0.00687034,0.26211202,0.0036030733,0.00036739785,Calibration
2023-07-14,0.25112033,0.0065384763,0.2576588,0.0035448947,0.00034965112,Calibration
2023-07-15,0.25958762,0.007396282,0.2669839,0.0036644216,0.0003955231,Calibration
2023-07-16,0.5371653,0.024049122,0.5612144,0.0075827967,0.0012860493,Calibration
2023-07-17,0.42360598,0.019024104,0.44263008,0.0059797573,0.0010173317,Calibration
2023-07-18,0.38029706,0.021951746,0.4022488,0.005368395,0.0011738901,Calibration
2023-07-19,0.35911274,0.01833454,0.37744728,0.00506935,0.0009804566,Calibration
2023-07-20,0.30636716,0.014576128,0.3209433,0.0043247766,0.00077947206,Calibration
2023-07-21,0.2722887,0.011648315,0.28393704,0.0038437143,0.0006229045,Calibration
2023-07-22,0.2646249,0.010733048,0.27535793,0.0037355295,0.0005739598,Calibration
2023-07-23,0.25547975,0.009702353,0.2651821,0.0036064337,0.00051884237,Calibration
2023-07-24,0.25360152,0.009331257,0.26293278,0.00357992,0.0004989977,Calibration
2023-07-25,0.25005257,0.008867162,0.25891975,0.003529822,0.00047417977,Calibration
2023-07-26,0.24226487,0.008058651,0.2503235,0.0034198882,0.0004309439,Calibration
2023-07-27,0.23604795,0.0073955664,0.24344352,0.0033321283,0.00039548482,Calibration
2023-07-28,0.242737,0.007914481,0.25065148,0.003426553,0.00042323425,Calibration
2023-07-29,0.241717,0.007814862,0.24953187,0.0034121543,0.00041790702,Calibration
2023-07-30,0.4398328,0.027110834,0.46694365,0.0062088203,0.0014497772,Calibration
2023-07-31,0.25699937,0.011123632,0.268123,0.0036278851,0.0005948466,Calibration
2023-08-01,0.34625596,0.021857604,0.36811358,0.00488786,0.0011688558,Calibration
2023-08-02,0.30754957,0.01672562,0.3242752,0.0043414677,0.00089441816,Calibration
2023-08-03,0.072569266,0.014438503,0.08700777,0.001024411,0.00077211246,Calibration
2023-08-04,0.06463838,0.012876227,0.07751461,0.0009124561,0.0006885682,Calibration
2023-08-05,0.065108575,0.012866148,0.07797472,0.00091909344,0.0006880293,Calibration
2023-08-06,0.06303568,0.012414919,0.0754506,0.0008898318,0.0006638994,Calibration
2023-08-07,0.06230706,0.012246152,0.074553214,0.00087954634,0.0006548744,Calibration
2023-08-08,0.0672128,0.013233756,0.080446556,0.00094879733,0.00070768746,Calibration
2023-08-09,0.06608909,0.013279856,0.07936895,0.00093293475,0.00071015273,Calibration
2023-08-10,0.22063917,0.035530303,0.25616947,0.003114613,0.0019000161,Calibration
2023-08-11,0.107501514,0.0237454,0.13124691,0.0015175256,0.0012698075,Calibration
2023-08-12,0.19802456,0.03990092,0.23792547,0.0027953777,0.002133739,Calibration
2023-08-13,0.18461359,0.043008894,0.22762248,0.0026060643,0.0022999407,Calibration
2023-08-14,0.13404813,0.03735551,0.17140365,0.0018922662,0.0019976208,Calibration
2023-08-15,0.10739397,0.033358518,0.1407525,0.0015160076,0.0017838778,Calibration
2023-08-16,0.089590445,0.028883174,0.11847362,0.0012646873,0.0015445547,Calibration
2023-08-17,0.07155516,0.022779318,0.094334476,0.0010100955,0.0012181452,Calibration
2023-08-18,0.065256,0.02015788,0.08541388,0.00092117453,0.0010779614,Calibration
2023-08-19,0.07161281,0.02219525,0.09380806,0.0010109093,0.0011869117,Calibration
2023-08-20,0.18110588,0.047233053,0.22833893,0.0025565485,0.0025258316,Calibration
2023-08-21,0.07697011,0.024818523,0.10178863,0.0010865346,0.0013271937,Calibration
2023-08-22,0.10628527,0.034669712,0.14095497,0.0015003567,0.0018539953,Calibration
2023-08-23,0.17206943,0.050624687,0.22269411,0.002428987,0.0027072025,Calibration
2023-08-24,0.083718106,0.030568572,0.114286676,0.0011817915,0.0016346829,Calibration
2023-08-25,0.06772013,0.024689367,0.0924095,0.00095595897,0.001320287,Calibration
2023-08-26,0.067230366,0.024341112,0.09157148,0.0009490453,0.0013016637,Calibration
2023-08-27,0.20153537,0.05610626,0.25764164,0.0028449376,0.0030003346,Calibration
2023-08-28,0.24420957,0.065752946,0.3099625,0.0034473403,0.0035162002,Calibration
2023-08-29,0.33053055,0.082095146,0.4126257,0.004665875,0.0043901145,Calibration
2023-08-30,0.0847001,0.0500068,0.1347069,0.0011956537,0.0026741603,Calibration
2023-08-31,0.07328055,0.042846646,0.11612719,0.0010344516,0.0022912645,Calibration
2023-09-01,0.070125535,0.040541485,0.11066702,0.0009899144,0.0021679937,Calibration
2023-09-02,0.055302456,0.030699614,0.08600207,0.0007806671,0.0016416905,Calibration
2023-09-03,0.050977286,0.02735088,0.07832816,0.00071961165,0.0014626138,Calibration
2023-09-04,0.04558084,0.023632657,0.069213495,0.0006434337,0.0012637784,Calibration
2023-09-05,0.07191384,0.037862625,0.10977647,0.0010151587,0.0020247393,Calibration
2023-09-06,0.13153781,0.060519714,0.19205752,0.0018568297,0.0032363483,Calibration
2023-09-07,0.099275835,0.050072003,0.14934784,0.0014014094,0.0026776472,Calibration
2023-09-08,0.08585289,0.047522537,0.13337544,0.0012119268,0.002541312,Calibration
2023-09-09,0.053605374,0.029484855,0.08309023,0.0007567106,0.0015767302,Calibration
2023-09-10,0.07604367,0.04273559,0.118779264,0.0010734567,0.0022853257,Calibration
2023-09-11,0.049921285,0.027388582,0.07730987,0.0007047048,0.00146463,Calibration
2023-09-12,0.050227415,0.027239574,0.07746699,0.00070902624,0.0014566616,Calibration
2023-09-13,0.09001519,0.04814402,0.13815922,0.0012706831,0.0025745465,Validation
2023-09-14,0.37369782,0.1010445,0.47474232,0.005275238,0.005403449,Validation
2023-09-15,0.5714976,0.13288853,0.7043861,0.008067443,0.007106338,Validation
2023-09-16,0.1344567,0.1244751,0.2589318,0.0018980337,0.0066564223,Validation
2023-09-17,0.106790885,0.10704943,0.2138403,0.0015074942,0.005724568,Validation
2023-09-18,0.086256996,0.088656925,0.17491391,0.0012176313,0.0047410117,Validation
2023-09-19,0.06679741,0.068384476,0.13518189,0.0009429336,0.0036569238,Validation
2023-09-20,0.06103766,0.059209548,0.12024721,0.0008616271,0.0031662858,Validation
2023-09-21,0.055535343,0.051211253,0.1067466,0.00078395463,0.0027385696,Validation
2023-09-22,0.051501025,0.045212112,0.09671314,0.0007270049,0.00241776,Validation
2023-09-23,0.052145112,0.043649662,0.095794775,0.00073609705,0.0023342064,Validation
2023-09-24,0.051850975,0.041939877,0.09379085,0.0007319449,0.002242774,Validation
2023-09-25,0.121210545,0.09574682,0.21695736,0.0017110468,0.0051201507,Validation
2023-09-26,0.057676405,0.04631308,0.10398948,0.00081417855,0.0024766352,Validation
2023-09-27,0.052571382,0.042628575,0.09519996,0.00074211444,0.002279603,Validation
2023-09-28,0.062221076,0.04954851,0.11176959,0.0008783326,0.0026496528,Validation
2023-09-29,0.113370016,0.09036117,0.20373118,0.0016003674,0.004832148,Validation
2023-09-30,0.047308948,0.03992523,0.08723418,0.0006678282,0.0021350388,Validation
2023-10-01,0.030100388,0.026869114,0.0569695,0.0004249067,0.001436851,Validation
2023-10-02,0.026705489,0.023802219,0.05050771,0.0003769832,0.0012728459,Validation
2023-10-03,0.029690582,0.026253652,0.055944234,0.00041912173,0.0014039385,Validation
2023-10-04,0.031889517,0.028209496,0.060099013,0.0004501626,0.0015085292,Validation
2023-10-05,0.029318022,0.026250457,0.05556848,0.00041386255,0.0014037677,Validation
2023-10-06,0.03210018,0.02986136,0.06196154,0.00045313637,0.0015968642,Validation
2023-10-07,0.04971666,0.04676119,0.09647785,0.0007018162,0.0025005983,Validation
2023-10-08,0.06563075,0.06217173,0.12780248,0.0009264646,0.0033246914,Validation
2023-10-09,0.055872973,0.054086663,0.10995963,0.00078872073,0.0028923347,Validation
2023-10-10,0.058960684,0.059226602,0.118187286,0.00083230785,0.0031671978,Validation
2023-10-11,0.03778289,0.039125625,0.076908514,0.00053335534,0.0020922793,Validation
2023-10-12,0.036981482,0.03877312,0.0757546,0.0005220424,0.0020734288,Validation
2023-10-13,0.03498781,0.03732581,0.07231362,0.0004938991,0.0019960327,Validation
2023-10-14,0.032336023,0.03504804,0.067384064,0.0004564656,0.0018742267,Validation
2023-10-15,0.030718252,0.03366287,0.06438112,0.00043362865,0.0018001534,Validation
2023-10-16,0.02566638,0.02847734,0.05414372,0.0003623148,0.0015228523,Validation
2023-10-17,0.0267156,0.029700186,0.05641579,0.00037712595,0.0015882452,Validation
2023-10-18,0.03776805,0.04159324,0.07936129,0.00053314585,0.0022242372,Validation
2023-10-19,0.059190884,0.06735439,0.12654528,0.0008355574,0.0036018388,Validation
2023-10-20,0.06995173,0.083232306,0.15318403,0.000987461,0.004450925,Validation
2023-10-21,0.037329946,0.046999175,0.08432912,0.0005269614,0.0025133248,Validation
2023-10-22,0.030897798,0.03877371,0.06967151,0.0004361632,0.0020734605,Validation
2023-10-23,0.025799341,0.03277278,0.05857212,0.00036419174,0.001752555,Validation
2023-10-24,0.027501915,0.03492619,0.062428106,0.0003882258,0.0018677107,Validation
2023-10-25,0.025993902,0.0332443,0.059238203,0.0003669382,0.00177777,Validation
2023-10-26,0.028523842,0.036597796,0.065121636,0.00040265167,0.0019571013,Validation
2023-10-27,0.12087809,0.13997467,0.26085275,0.0017063537,0.007485276,Validation
2023-10-28,0.03435912,0.04909676,0.083455876,0.0004850243,0.002625495,Validation
2023-10-29,0.03399288,0.04806672,0.0820596,0.00047985432,0.0025704128,Validation
2023-10-30,0.026471345,0.038241394,0.06471274,0.00037367796,0.0020449942,Validation
2023-10-31,0.023565218,0.034071404,0.057636622,0.00033265413,0.0018220001,Validation
2023-11-01,0.033287574,0.046837267,0.08012484,0.00046989802,0.0025046666,Validation
2023-11-02,0.032370582,0.045993924,0.07836451,0.00045695348,0.002459568,Validation
2023-11-03,0.027693782,0.039741762,0.06743555,0.00039093426,0.0021252278,Validation
2023-11-04,0.030375523,0.043646187,0.07402171,0.00042879058,0.0023340206,Validation
2023-11-05,0.02805614,0.04062929,0.06868543,0.0003960494,0.0021726892,Validation
2023-11-06,0.026668891,0.038783327,0.06545222,0.00037646657,0.0020739746,Validation
2023-11-07,0.023940356,0.034848865,0.058789223,0.00033794972,0.0018635757,Validation
2023-11-08,0.103078306,0.14436714,0.24744545,0.0014550863,0.0077201677,Validation
2023-11-09,0.031677913,0.049673464,0.08135138,0.00044717552,0.0026563348,Validation
2023-11-10,0.37381437,0.2443298,0.61814415,0.005276883,0.013065764,Validation
2023-11-11,0.06897766,0.13853462,0.20751229,0.0009737107,0.0074082683,Validation
2023-11-12,0.05098161,0.11363718,0.16461879,0.0007196727,0.006076854,Validation
2023-11-13,0.036391973,0.079199746,0.11559172,0.00051372073,0.00423528,Validation
2023-11-14,0.04327531,0.09134945,0.13462476,0.0006108881,0.0048849974,Validation
2023-11-15,0.044613544,0.09101549,0.13562903,0.000629779,0.0048671383,Validation
2023-11-16,0.04593803,0.09350709,0.13944513,0.0006484759,0.005000379,Validation
2023-11-17,0.035698455,0.07090409,0.10660255,0.0005039308,0.0037916624,Validation
2023-11-18,0.030693157,0.06022119,0.09091435,0.0004332744,0.0032203845,Validation
2023-11-19,0.031183343,0.05984539,0.091028735,0.00044019404,0.0032002882,Validation
2023-11-20,0.030921618,0.058374006,0.089295626,0.00043649942,0.0031216044,Validation
2023-11-21,0.029382452,0.054760005,0.08414246,0.00041477208,0.0029283424,Validation
2023-11-22,0.028437145,0.05232582,0.08076297,0.00040142782,0.002798172,Validation
2023-11-23,0.031343002,0.05696492,0.08830792,0.0004424478,0.0030462523,Validation
2023-11-24,0.029829795,0.05399171,0.083821505,0.0004210869,0.0028872571,Validation
2023-11-25,0.02956555,0.05321513,0.08278068,0.00041735676,0.0028457288,Validation
2023-11-26,0.031521417,0.056437586,0.08795901,0.0004449664,0.0030180526,Validation
2023-11-27,0.030705776,0.05495976,0.08566554,0.00043345254,0.0029390245,Validation
2023-11-28,0.03320941,0.05927712,0.09248653,0.00046879463,0.0031698993,Validation
2023-11-29,0.032267172,0.057781722,0.090048894,0.0004554937,0.0030899316,Validation
2023-11-30,0.035628684,0.06584397,0.10147265,0.00050294586,0.0035210678,Validation
2023-12-01,0.020985361,0.03934669,0.060332052,0.00029623604,0.002104101,Validation
2023-12-02,0.02119708,0.039503705,0.060700785,0.00029922475,0.0021124976,Validation
2023-12-03,0.0308356,0.06064951,0.09148511,0.00043528518,0.0032432892,Validation
2023-12-04,0.108871914,0.18510176,0.29397368,0.0015368707,0.009898489,Validation
2023-12-05,0.02775573,0.054893106,0.082648836,0.00039180875,0.00293546,Validation
2023-12-06,0.022717,0.045008585,0.067725584,0.00032068044,0.002406876,Validation
2023-12-07,0.02117847,0.04149312,0.062671594,0.00029896206,0.0022188835,Validation
2023-12-08,0.021686018,0.041945294,0.06363131,0.00030612675,0.0022430636,Validation
2023-12-09,0.024183711,0.046226896,0.07041061,0.000341385,0.0024720265,Validation
2023-12-10,0.029735127,0.056108292,0.08584342,0.00041975055,0.0030004433,Validation
2023-12-11,0.021065708,0.040161896,0.061227605,0.00029737025,0.0021476948,Validation
2023-12-12,0.019125473,0.036007002,0.055132475,0.00026998128,0.001925508,Validation
2023-12-13,0.018434864,0.03422293,0.052657794,0.00026023242,0.0018301032,Validation
2023-12-14,0.024961786,0.045829378,0.07079116,0.00035236854,0.0024507688,Validation
2023-12-15,0.022755574,0.041731313,0.06448689,0.00032122494,0.002231621,Validation
2023-12-16,0.041655403,0.08252002,0.12417543,0.00058802095,0.0044128355,Validation
2023-12-17,0.028168257,0.054287273,0.08245553,0.0003976321,0.0029030626,Validation
2023-12-18,0.028487848,0.054590885,0.083078735,0.00040214355,0.0029192986,Validation
2023-12-19,0.045114987,0.08753403,0.13264902,0.0006368575,0.004680964,Validation
2023-12-20,0.022369456,0.04106427,0.06343372,0.00031577438,0.0021959501,Validation
2023-12-21,0.021063317,0.03802762,0.05909094,0.0002973365,0.0020335626,Validation
2023-12-22,0.022546513,0.04024328,0.06278979,0.0003182738,0.002152047,Validation
2023-12-23,0.020179171,0.03560214,0.055781312,0.00028485563,0.0019038577,Validation
2023-12-24,0.025551593,0.04458356,0.070135154,0.00036069445,0.0023841474,Validation
2023-12-25,0.030848952,0.053308107,0.08415706,0.00043547366,0.0028507009,Validation
2023-12-26,0.028163368,0.04887591,0.07703928,0.0003975631,0.0026136849,Validation
2023-12-27,0.025815364,0.04466133,0.070476696,0.0003644179,0.0023883062,Validation
2023-12-28,0.022050768,0.03776641,0.059817176,0.00031127568,0.002019594,Validation
2023-12-29,0.028763382,0.04854254,0.07730592,0.00040603307,0.0025958577,Validation
2023-12-30,0.029046174,0.049586233,0.07863241,0.00041002507,0.00265167,Validation
2023-12-31,0.024320262,0.040592287,0.06491255,0.00034331257,0.0021707104,Validation
