date,obs,simulated,raw_sim_tp,split,rain,runoff,simple_physical_simulated,source_index,release_index,period
2023-01-01,0.042,0.019944511,0.019944511,train,0.0,150.0,0.06997034217606835,0.15215107005455691,0.030709960615710366,train
2023-01-02,0.037,0.021520723,0.021954423,train,0.0,180.0,0.06979058840910402,0.15376597843565068,0.035694682179211755,train
2023-01-03,0.086,0.032778103,0.035875622,train,1.5,760.0,0.07122964400199261,0.16499394319156085,0.044398828077550356,train
2023-01-04,0.06,0.028575476,0.027419103,train,0.0,340.0,0.06959605516658669,0.15902871017495238,0.04643458227263933,train
2023-01-05,0.046,0.027888538,0.027699525,train,0.0,220.0,0.06930622921119628,0.15892962934087862,0.05038387237781546,train
2023-01-06,0.045,0.027919946,0.027928589,train,0.0,110.0,0.06904035521118818,0.15900964808574064,0.05426834763175736,train
2023-01-07,0.043,0.028453171,0.02859989,train,0.0,60.0,0.0688299634423074,0.1596697781091474,0.05833912267479006,train
2023-01-08,0.05,0.039234146,0.04220058,train,2.4,430.0,0.07089229332216196,0.17177781297024766,0.06605709067121852,train
2023-01-09,0.14,0.14547049,0.17470188,train,35.7,7630.0,0.10393686052652532,0.3451247694416033,0.15704201765422104,train
2023-01-10,0.084,0.07146868,0.051106755,train,0.0,2140.0,0.07176882225831127,0.2113680464411143,0.09521389129415467,train
2023-01-11,0.071,0.05808167,0.05439818,train,0.7,1360.0,0.07093048310796919,0.19895740589287536,0.0940563725662068,train
2023-01-12,0.075,0.08395862,0.09107877,train,9.2,2890.0,0.07846903067758924,0.23511817252941436,0.1140971080585458,train
2023-01-13,0.093,0.099366255,0.10360574,train,8.5,5470.0,0.07984967355135156,0.2592182389425767,0.13942215541096792,train
2023-01-14,0.068,0.06807562,0.059465867,train,0.0,2130.0,0.07020180857308526,0.2052550630835258,0.11466897628670711,train
2023-01-15,0.072,0.06393909,0.0628009,train,0.0,1460.0,0.06915065837486217,0.19466958761934508,0.11364922260327712,train
2023-01-16,0.064,0.070008375,0.07167837,train,1.6,1250.0,0.06990047680970293,0.19500160755873236,0.1166542063034675,train
2023-01-17,0.068,0.06958525,0.069468826,train,0.0,1150.0,0.06828667236604427,0.18844373750780502,0.11846088457442233,train
2023-01-18,0.069,0.07167569,0.07225088,train,0.0,1000.0,0.06791224568587924,0.1857929673972935,0.12065840309420295,train
2023-01-19,0.068,0.0724701,0.072688684,train,0.0,570.0,0.067404777674298,0.1814122493577392,0.12128035390311062,train
2023-01-20,0.064,0.07275258,0.072830305,train,0.0,370.0,0.06710967765650608,0.17951253052252253,0.12309629799748095,train
2023-01-21,0.066,0.07287139,0.07290408,train,0.0,340.0,0.06696882555125303,0.17942085683645698,0.12577108868751144,train
2023-01-22,0.073,0.072812326,0.07279608,train,0.0,370.0,0.06689477283935721,0.1800756782144989,0.1287329691165275,train
2023-01-23,0.081,0.07230766,0.0721688,train,0.0,360.0,0.06681106735061232,0.18053413418995837,0.13144563025686673,train
2023-01-24,0.063,0.071094126,0.07076021,train,0.0,260.0,0.06667909846617764,0.18030978923468352,0.13362008441259407,train
2023-01-25,0.077,0.07010448,0.069832176,train,0.0,290.0,0.06665102452257837,0.18127605465698374,0.13643303535382723,train
2023-01-26,0.086,0.06900387,0.068701036,train,0.0,300.0,0.06661833357251679,0.18210481480100177,0.1390983832734931,train
2023-01-27,0.091,0.06753597,0.06713207,train,0.0,250.0,0.06655176897621638,0.1824306666344119,0.14138841481647882,train
2023-01-28,0.079,0.06611079,0.06571864,train,0.0,240.0,0.06652108057005066,0.1831090948360176,0.14383642116762574,train
2023-01-29,0.065,0.064524636,0.0640882,train,0.0,200.0,0.0664759992359388,0.183523343509964,0.14606786094467034,train
2023-01-30,0.07,0.063913174,0.06374493,train,0.0,370.0,0.06658483442062554,0.18575080965438245,0.14940537589122954,train
2023-01-31,0.066,0.06463962,0.064839505,train,0.0,730.0,0.06683194653937276,0.18961332861948843,0.15383700009259937,train
2023-02-01,0.066,0.06354202,0.06324002,train,0.0,400.0,0.06659351018054974,0.18746722583710954,0.15440341033432772,train
2023-02-02,0.07,0.061951123,0.06151338,train,0.0,300.0,0.06652658507377913,0.18729792608357723,0.15614152481616822,train
2023-02-03,0.077,0.06189154,0.06187515,train,0.0,530.0,0.06669842873626558,0.18997198182020847,0.1596680918453163,train
2023-02-04,0.077,0.076451205,0.08045736,train,7.0,650.0,0.07254860442508777,0.21431713059191732,0.16739993904656555,train
2023-02-05,0.123,0.1382235,0.1552204,train,25.0,4420.0,0.09066271026899063,0.31157617051738906,0.21479171121260487,train
2023-02-06,0.079,0.082011744,0.06654484,train,3.5,1370.0,0.07179185195339623,0.23463756292559448,0.1835366795175436,train
2023-02-07,0.084,0.07958382,0.078915775,train,7.1,2320.0,0.07511771142705606,0.25069463509582746,0.1951724172125297,train
2023-02-08,0.069,0.06602359,0.062292434,train,1.1,1380.0,0.06942521148481662,0.22348929664570746,0.1877006341763265,train
2023-02-09,0.068,0.067864016,0.068370424,train,2.8,1220.0,0.07035083333582437,0.2231520577156632,0.18949008422047364,train
2023-02-10,0.098,0.09074358,0.09703899,train,9.9,4130.0,0.07824906747634142,0.2697823181346326,0.21846671254318611,train
2023-02-11,0.09,0.08245107,0.08016935,train,5.7,3850.0,0.07482802186602391,0.25849695348920093,0.2176237739063886,train
2023-02-12,0.066,0.07254325,0.069817066,train,2.7,2410.0,0.07121338422622027,0.23632494834089687,0.2078981389226092,train
2023-02-13,0.089,0.07369969,0.07401789,train,3.9,2050.0,0.07175217639287992,0.23479226183598245,0.20840237359852126,train
2023-02-14,0.064,0.067441456,0.06571947,train,0.0,1320.0,0.06795902277250358,0.21530183147010698,0.2029879002487022,train
2023-02-15,0.067,0.06779319,0.06788997,train,0.0,1030.0,0.06752711916781247,0.20935099563749907,0.2022317621577069,train
2023-02-16,0.076,0.06861969,0.068847105,train,0.0,890.0,0.06729973845692871,0.20581568864333533,0.20246013797159026,train
2023-02-17,0.057,0.069130436,0.06927097,train,0.0,930.0,0.06726859132316905,0.20461414166084976,0.20380691307425958,train
2023-02-18,0.055,0.068579584,0.06842802,train,0.0,760.0,0.067133372991306,0.20212065710445765,0.2039229490416477,train
2023-02-19,0.058,0.06723591,0.06686619,train,0.0,560.0,0.06701285993721892,0.19973032189465434,0.20384000776179564,train
2023-02-20,0.054,0.06576229,0.06535682,train,0.0,500.0,0.06701913318784522,0.1988017020506293,0.20453741483748364,train
2023-02-21,0.061,0.06420641,0.0637783,train,0.0,480.0,0.06707262128105929,0.19838434893065027,0.2054434850874498,train
2023-02-22,0.059,0.06254103,0.062082797,train,0.0,460.0,0.06713989173172434,0.19807340600513362,0.20632729692078117,train
2023-02-23,0.055,0.06220731,0.062115487,train,0.0,870.0,0.06752420170527285,0.20156197047581406,0.209731159663528,train
2023-02-24,0.064,0.059427045,0.058662042,train,0.0,410.0,0.0672920578477684,0.19753479442025879,0.2080671388395637,train
2023-02-25,0.055,0.05918539,0.059118897,train,0.0,920.0,0.06776313532416514,0.20194760388939306,0.21199691417528393,train
2023-02-26,0.062,0.059074488,0.05904397,train,0.0,1230.0,0.06809255233662662,0.20462824025474752,0.2148926931141568,train
2023-02-27,0.062,0.06171367,0.06243985,train,0.0,550.0,0.06301466535326294,0.35870798009197996,0.24547493904929957,train
2023-02-28,0.055,0.061763074,0.061776668,train,0.0,600.0,0.06296343784081407,0.3591136531749052,0.2515839127731557,train
2023-03-01,0.05,0.066448055,0.06773715,train,0.0,460.0,0.06276933203599677,0.3578527787988495,0.2557937702514474,train
2023-03-02,0.054,0.06682143,0.06692417,train,0.0,340.0,0.06260270353120623,0.35674533689498167,0.2599852917040083,train
2023-03-03,0.064,0.06720682,0.06731287,train,0.3,370.0,0.06281319535385453,0.3578884035977509,0.2655442748795698,train
2023-03-04,0.057,0.06676975,0.06664949,train,0.0,420.0,0.06257152082138016,0.35748202466306717,0.2708112251003178,train
2023-03-05,0.058,0.065920755,0.06568715,train,0.0,310.0,0.062434415823683614,0.3563168173623536,0.27459279081340665,train
2023-03-06,0.064,0.06560829,0.06552231,train,0.0,360.0,0.06243656792851539,0.35653661189764585,0.27964627244989054,train
2023-03-07,0.063,0.064963095,0.06478556,train,0.0,310.0,0.06236728491572982,0.3558769482296615,0.28365826922372095,train
2023-03-08,0.059,0.06475269,0.0646948,train,0.0,390.0,0.06241113488906755,0.35632984621937125,0.2886898678027043,train
2023-03-09,0.065,0.06400424,0.0637983,train,0.0,320.0,0.06234216085329044,0.3554608375547559,0.292241132834417,train
2023-03-10,0.06,0.06293376,0.06263921,train,0.0,200.0,0.0622418716153727,0.35413579105438314,0.2951869258201025,train
2023-03-11,0.069,0.06202952,0.061780713,train,0.0,140.0,0.06219834451341528,0.3533081377671302,0.29850963011720544,train
2023-03-12,0.077,0.070882246,0.07331811,train,6.2,540.0,0.06762466883401673,0.3765104187066991,0.31004582681655146,train
2023-03-13,0.064,0.061535977,0.058964312,train,0.0,300.0,0.06268644775136206,0.35901857600098064,0.30897944132863014,train
2023-03-14,0.058,0.059362978,0.05876507,train,0.0,310.0,0.06260408387476414,0.35721995453258476,0.3123919680906803,train
2023-03-15,0.061,0.058531042,0.058302134,train,0.0,270.0,0.06252265237756538,0.35541189287792413,0.31527358471309586,train
2023-03-16,0.065,0.05813925,0.058031447,train,0.0,280.0,0.06251210523716991,0.35432720435310494,0.31850674222481734,train
2023-03-17,0.07,0.05758759,0.057435796,train,0.0,220.0,0.06246853833083973,0.35282925993123393,0.32101629541876675,train
2023-03-18,0.067,0.06311186,0.06463189,train,0.0,1800.0,0.06376273351662176,0.3656985638593404,0.33854214174069625,train
2023-03-19,0.063,0.06739438,0.068572745,train,0.0,2600.0,0.06443330619770514,0.37187753430882164,0.34947411101239695,train
2023-03-20,0.06,0.0640427,0.06312048,train,0.0,1660.0,0.06368728739655474,0.36299874460688,0.34374913920639544,train
2023-03-21,0.069,0.061671987,0.061019674,train,0.0,1310.0,0.0634458306693437,0.35926940096997895,0.3434239747977946,train
2023-03-22,0.072,0.05830147,0.05737406,train,0.0,590.0,0.0629220100364062,0.3523386893631033,0.33958454929123205,train
2023-03-23,0.166,0.14961267,0.17473733,train,36.3,6500.0,0.09810963202185011,0.5204241755319595,0.44046631859825636,train
2023-03-24,0.183,0.18367462,0.19304691,train,63.0,26860.0,0.14458786440215526,0.8122291968673228,0.8826275972185891,train
2023-03-25,0.237,0.22979504,0.24248527,train,94.0,39220.0,0.19114984660886508,1.061249800496497,1.3528403726917988,train
2023-03-26,0.075,0.11141168,0.07883799,train,5.7,20280.0,0.09449340071263396,0.6649061056897391,0.7223173711433992,train
2023-03-27,0.092,0.1035074,0.1013325,train,26.1,23480.0,0.11249331439654364,0.7247807866475251,0.8169127586091606,train
2023-03-28,0.078,0.07980956,0.07328899,train,6.9,14600.0,0.08574744425626855,0.5780591413175817,0.62449217190035,train
2023-03-29,0.096,0.09535316,0.09963004,train,23.6,23280.0,0.10732917455741273,0.686445648111562,0.8073140390656779,train
2023-03-30,0.092,0.08261922,0.07911542,train,9.3,18700.0,0.0898385022603036,0.5989415935345231,0.7025261034830956,train
2023-03-31,0.06,0.0692839,0.065614626,train,1.1,11780.0,0.07496964171475573,0.49948247747484,0.5814777279685589,train
2023-04-01,0.059,0.064016186,0.06256675,train,1.7,8900.0,0.07166170986358059,0.46053190158280266,0.541390848568524,train
2023-04-02,0.088,0.07150931,0.07357108,train,9.9,12010.0,0.0806956752941723,0.5031532335460178,0.5924121332865815,train
2023-04-03,0.072,0.06608062,0.06458689,train,2.1,8270.0,0.07470360530114441,0.28414663440270094,0.4774615299486424,train
2023-04-04,0.154,0.13573416,0.15489963,train,60.8,26540.0,0.14169661077888174,0.6252021233592505,0.8335595453410765,train
2023-04-05,0.136,0.12756033,0.12531127,train,26.7,33330.0,0.12291917749145287,0.615701571931564,0.9195725837349482,train
2023-04-06,0.058,0.08132583,0.06860421,train,0.7,19560.0,0.08636236095362601,0.4134813403910711,0.6325018479324813,train
2023-04-07,0.049,0.06504735,0.060568266,train,0.0,14030.0,0.07939856430117856,0.3429086092640797,0.5523861080864574,train
2023-04-08,0.049,0.059489235,0.057959896,train,0.0,11420.0,0.07632755347079091,0.3051594138825282,0.5165009313175853,train
2023-04-09,0.048,0.058682375,0.058460362,train,0.0,9890.0,0.0746040208394861,0.2809907206248398,0.49489081823891257,train
2023-04-10,0.045,0.061204813,0.06189887,train,0.0,8510.0,0.07329525973275886,0.2610606429389642,0.4765044450695737,train
2023-04-11,0.047,0.06823286,0.070166655,train,0.0,7490.0,0.07247431197747471,0.24630544296250495,0.46232889371094305,train
2023-04-12,0.048,0.07835831,0.08114437,train,0.0,7500.0,0.07258241401482761,0.24192146156674818,0.45695479788645044,train
2023-04-13,0.068,0.10077634,0.106944755,train,3.9,5540.0,0.0745135059812504,0.23404607631898022,0.44091495216007914,train
2023-04-14,0.062,0.1091771,0.111488596,train,1.5,4580.0,0.07227760498945934,0.21830973118293978,0.4277087873230232,train
2023-04-15,0.153,0.11797112,0.12039083,train,0.4,4010.0,0.0712582760949223,0.20775854003618335,0.4178376522979857,train
2023-04-16,0.229,0.12906095,0.13211237,train,0.0,3000.0,0.07046793724796091,0.1950117031985292,0.4056830769244734,train
2023-04-17,0.146,0.13729371,0.13955899,train,0.0,2050.0,0.07008422954737632,0.18419185888693546,0.3944958485915989,train
2023-04-18,0.128,0.13695383,0.13686031,train,0.0,2910.0,0.07103264187675598,0.18948307039444107,0.39411889059664446,train
2023-04-19,0.187,0.17090961,0.1802527,train,62.3,25310.0,0.1439343039010587,0.5836413998407614,0.7583083271433488,train
2023-04-20,0.1,0.07583587,0.04967592,train,0.0,9940.0,0.08037505499950091,0.29723393356502575,0.4672526025176601,train
2023-04-21,0.074,0.05497203,0.049231254,train,0.0,6880.0,0.0770080026166543,0.25397114906570284,0.43247414780054155,train
2023-04-22,0.07,0.05686055,0.057380185,train,1.5,6020.0,0.07708139767007177,0.23927536336744015,0.42051395080346665,train
2023-04-23,0.091,0.102028854,0.114457116,train,25.5,13870.0,0.10347601634170009,0.377439482743018,0.5223708162424728,train
2023-04-24,0.098,0.07618146,0.06906943,train,0.6,13820.0,0.08367577614045765,0.3100719967079948,0.49068581563524427,train
2023-04-25,0.066,0.06599947,0.06319785,train,1.7,10840.0,0.08160007073840725,0.2767724493321895,0.4568727049686333,train
2023-04-26,0.057,0.059718926,0.057990804,train,0.0,8230.0,0.07791465640323478,0.24139542203743308,0.4272214598227689,train
2023-04-27,0.048,0.061442904,0.061917264,train,0.0,6200.0,0.07625221390303813,0.2169268151735465,0.40632995221966983,train
2023-04-28,0.051,0.06678895,0.06825994,train,0.0,5990.0,0.07613443403923124,0.20988985864810156,0.39957520718295414,train
2023-04-29,0.08,0.08726599,0.092900336,train,9.5,10070.0,0.08351238922225518,0.43197504308449947,0.5032333971347406,train
2023-04-30,0.058,0.07010761,0.06538641,train,0.0,5730.0,0.07230736901957553,0.3679460553358798,0.4478154286993785,train
2023-05-01,0.05,0.0697213,0.06961501,train,0.0,4050.0,0.07077267643343157,0.34832224391728545,0.4307531143248734,train
2023-05-02,0.064,0.07244476,0.07319413,train,0.0,3560.0,0.07033374434106279,0.34010274426459475,0.4255035051836708,train
2023-05-03,0.058,0.07544796,0.076274306,train,0.0,3790.0,0.07054375579645264,0.3388815627029063,0.42697237552474254,train
2023-05-04,0.059,0.07730752,0.07781918,train,0.0,3270.0,0.07018995602972695,0.331668097501005,0.4216219269644403,train
2023-05-05,0.062,0.078575715,0.07892467,train,0.0,2950.0,0.07003479205528762,0.32655138850525317,0.4180721761614144,train
2023-05-06,0.111,0.12592226,0.13894987,train,105.7,19590.0,0.17530685150226508,0.810938813433436,0.8190093830079119,train
2023-05-07,0.118,0.09636238,0.08822886,train,14.2,26870.0,0.11125508631762691,0.6615727007247276,0.8422634174416734,train
2023-05-08,0.064,0.060737204,0.05093478,train,0.0,15750.0,0.08608183116692741,0.5031310218993043,0.6189187820865387,train
2023-05-09,0.051,0.051918715,0.04949227,train,0.2,12880.0,0.08178130811113629,0.4557613725634251,0.5719227702983802,train
2023-05-10,0.075,0.07881834,0.0862199,train,20.0,17070.0,0.10138371566997592,0.5397338889965891,0.6597402068231103,train
2023-05-11,0.081,0.07920955,0.07931719,train,10.1,18480.0,0.09468326380567668,0.52394486928122,0.6714528382090068,train
2023-05-12,0.058,0.05724993,0.051207643,train,0.1,12500.0,0.08014356942129687,0.4340017557393664,0.5712316606434324,train
2023-05-13,0.056,0.050266296,0.048344716,train,0.0,10060.0,0.07709298868596372,0.39997579121564625,0.5376376981025232,train
2023-05-14,0.056,0.050554268,0.050633505,train,0.2,9090.0,0.07592793102079748,0.3828847774796559,0.5238620029235821,train
2023-05-15,0.051,0.05025456,0.05017209,train,0.0,7540.0,0.07417101597754701,0.36194507186358166,0.5045372137247576,train
2023-05-16,0.052,0.05391758,0.054925475,train,0.0,7380.0,0.07389967938304441,0.3551328222890466,0.5005261489584841,train
2023-05-17,0.078,0.07178128,0.07669655,train,4.8,9950.0,0.08005348973622442,0.3887024468446094,0.5320301559452711,train
2023-05-18,0.06,0.067661725,0.066528216,train,2.8,7910.0,0.07690268377723404,0.36492492414457633,0.5076506808035173,train
2023-05-19,0.055,0.062620506,0.061233394,train,0.0,6450.0,0.07347997156638807,0.3413754317805326,0.4886456618148012,train
2023-05-20,0.07,0.06973387,0.07169114,train,4.4,6880.0,0.07749025396350027,0.35533075828589805,0.495346922503273,train
2023-05-21,0.088,0.090665914,0.09642546,train,10.3,10270.0,0.08561170766727544,0.40411465060014046,0.5393039540982616,train
2023-05-22,0.089,0.086959824,0.08594008,train,6.9,9570.0,0.08269933705940911,0.3915005565096272,0.5294492253302552,train
2023-05-23,0.082,0.07053147,0.06601114,train,0.0,6760.0,0.07476876138795278,0.3446699121205351,0.49169125418189563,train
2023-05-24,0.072,0.070016205,0.06987443,train,1.0,6380.0,0.07510519924601812,0.3384694315113418,0.48604759852283563,train
2023-05-25,0.076,0.08065617,0.0835838,train,14.8,6280.0,0.08649329275860927,0.37827767471059676,0.4972906377151133,train
2023-05-26,0.069,0.06975199,0.06675166,train,0.1,5970.0,0.07482761868394325,0.3359030230622002,0.48144524692760066,train
2023-05-27,0.1,0.06606205,0.06504674,train,0.0,4310.0,0.07317643814116886,0.3143181817194848,0.462728829713729,train
2023-05-28,0.102,0.06712705,0.06742009,train,0.0,3860.0,0.07272861217840212,0.3050485592167834,0.45551805198084266,train
2023-05-29,0.075,0.06932151,0.06992532,train,0.0,3540.0,0.07247722226596542,0.2980287053340289,0.44964746663855754,train
2023-05-30,0.075,0.07092595,0.07136742,train,0.0,2940.0,0.07207285484619219,0.2893627306012084,0.44162658724228626,train
2023-05-31,0.08,0.07312971,0.07373609,train,0.0,2740.0,0.0720281905120614,0.2847194689055246,0.43694044385022657,train
2023-06-01,0.08,0.07569842,0.07640521,train,0.0,2810.0,0.07222070419802426,0.28280575701577626,0.4344666842452665,train
2023-06-02,0.069,0.07809026,0.07874838,train,0.0,2750.0,0.07232938744937609,0.28003368526282507,0.4310369325242257,train
2023-06-03,0.128,0.12325953,0.13568805,train,26.6,10180.0,0.10462354825710136,0.26854919737343486,0.466483111702654,train
2023-06-04,0.128,0.13157241,0.13385974,train,9.4,13300.0,0.09450660882106358,0.25955042538498657,0.4767051803300258,train
2023-06-05,0.069,0.09080666,0.07958979,train,0.0,6060.0,0.0813692721040168,0.165590606072915,0.40515586479451576,train
2023-06-06,0.063,0.08054898,0.077726535,train,0.0,4890.0,0.08034496868563816,0.14687562601554568,0.3900237845109615,train
2023-06-07,0.068,0.08098148,0.08110048,train,3.9,4630.0,0.08337838035150419,0.15076654548327145,0.38440667561642416,train
2023-06-08,0.082,0.07954924,0.079155155,train,0.9,4440.0,0.08106741705645959,0.1375524388127091,0.37431393121458495,train
2023-06-09,0.074,0.080028504,0.08016038,train,2.0,4160.0,0.08192645873686767,0.13447852713710975,0.3667465762422763,train
2023-06-10,0.078,0.08009223,0.08010976,train,0.9,4110.0,0.08124013051740257,0.12795660803014963,0.3589419651156147,train
2023-06-11,0.074,0.07846162,0.07801294,train,0.0,3160.0,0.08006003651250024,0.11366345347018321,0.34685060754395997,train
2023-06-12,0.074,0.0775852,0.077344045,train,0.0,2570.0,0.0798663620479769,0.10514863159514623,0.3372433465651901,train
2023-06-13,0.072,0.078673236,0.078972615,train,0.0,3100.0,0.0804643667854945,0.1069058290442628,0.33267219996953523,train
2023-06-14,0.078,0.07937399,0.07956681,train,1.1,2830.0,0.08144888139298034,0.10566211258757073,0.3258310250023722,train
2023-06-15,0.077,0.07982893,0.07995411,train,0.0,3060.0,0.08102653489202068,0.1028025188486234,0.31978860453487196,train
2023-06-16,0.076,0.08400762,0.0851574,train,3.6,3930.0,0.08484601595023032,0.1197448993545483,0.32063992973939076,train
2023-06-17,0.087,0.118603945,0.12812327,train,41.5,9180.0,0.12076729073559889,0.2888236845808594,0.39377573480325745,train
2023-06-18,0.116,0.13899243,0.14460242,train,38.8,17000.0,0.1277253370945758,0.378755553578344,0.4892243080869391,train
2023-06-19,0.104,0.09046204,0.07710869,train,0.7,7520.0,0.08935629479257917,0.19207589593707497,0.35297658531235304,train
2023-06-20,0.082,0.07528389,0.07110756,train,0.2,4710.0,0.08583020048163717,0.14806013645467517,0.32616955322432045,train
2023-06-21,0.082,0.07075753,0.069512084,train,0.0,3610.0,0.08423016307262997,0.12441059277095634,0.31236434198315577,train
2023-06-22,0.132,0.073215745,0.07389213,train,5.1,4450.0,0.08863959118853114,0.13818336817830598,0.31386754712539566,train
2023-06-23,0.111,0.08383896,0.08676199,train,13.6,7160.0,0.0977182834676661,0.1858798419357716,0.3339055728162241,train
2023-06-24,0.13,0.10624062,0.11240453,train,13.6,12310.0,0.10221445166652393,0.23469005337132887,0.3729222791720937,train
2023-06-25,0.08,0.08170986,0.07496011,train,0.7,6260.0,0.08723927077556166,0.14285705589968478,0.3129406364189286,train
2023-06-26,0.077,0.075975105,0.07439717,train,2.7,5340.0,0.08786024954741704,0.13219267580965674,0.3032699539334973,train
2023-06-27,0.074,0.07273544,0.071844034,train,0.4,4460.0,0.08525321612022652,0.1118977473405457,0.29109881473266996,train
2023-06-28,0.078,0.07101832,0.07054585,train,0.0,3660.0,0.08425650614569179,0.09772963628906542,0.28099153993646525,train
2023-06-29,0.074,0.0725755,0.07300396,train,0.0,2690.0,0.07907038797554838,0.24441842464140268,0.3115781567603007,train
2023-06-30,0.069,0.07485025,0.075476155,train,0.0,2840.0,0.07901912483770575,0.2418860958656694,0.3115225414260827,train
2023-07-01,0.064,0.07832148,0.07927661,train,10.6,2600.0,0.0874805314610175,0.2710078335852103,0.3174463920802126,train
2023-07-02,0.07,0.0760019,0.07536366,train,0.0,2370.0,0.079072103648865,0.24071077791531967,0.3093386208680161,train
2023-07-03,0.075,0.07658471,0.07674507,train,1.0,2220.0,0.0795473257774768,0.2378795360646193,0.30763602777718996,train
2023-07-04,0.082,0.07719586,0.07736402,train,0.0,2070.0,0.07850758942937089,0.2304212023536727,0.30475864549732057,train
2023-07-05,0.073,0.07889175,0.07935838,train,0.0,2270.0,0.078532391574621,0.2289172519239058,0.3047676629782253,train
2023-07-06,0.068,0.079244316,0.07934133,train,0.0,1690.0,0.07802442046120789,0.22123017005009069,0.29966991836013546,train
2023-07-07,0.065,0.07979977,0.079952605,train,0.0,1370.0,0.0777449689822907,0.21621810779870437,0.29628232163816287,train
2023-07-08,0.065,0.081220865,0.08161189,train,0.0,1480.0,0.07780098795289729,0.21523714333206354,0.29561253026044143,train
2023-07-09,0.065,0.08195239,0.08215367,train,0.0,1150.0,0.07754964711112695,0.2106498184304313,0.29220935647839674,train
2023-07-10,0.07,0.08352679,0.08395999,train,0.0,1330.0,0.07767852215723335,0.21064577183888666,0.2919408811183814,train
2023-07-11,0.069,0.08397552,0.084098995,train,0.0,870.0,0.07734898709016096,0.2051994307903755,0.2877709552544202,train
2023-07-12,0.078,0.08516331,0.08549013,train,0.0,930.0,0.07740103793114587,0.20435377604113783,0.28669423250746284,train
2023-07-13,0.069,0.085789606,0.08596194,train,0.0,640.0,0.07720263278401879,0.2005353205716322,0.2835394909137234,train
2023-07-14,0.076,0.08649437,0.08668829,train,0.0,480.0,0.07710046086908784,0.19789778157189586,0.2811182445317766,train
2023-07-15,0.093,0.08799768,0.088411324,train,0.7,640.0,0.07780158779746243,0.20034616062282085,0.28102550043470775,train
2023-07-16,0.153,0.11713503,0.1251523,train,21.3,6690.0,0.09949886972351275,0.3189235160688286,0.34441639988818107,train
2023-07-17,0.15,0.115217224,0.11468954,train,0.0,7450.0,0.08348004304664255,0.2725057086353574,0.3355213920154958,train
2023-07-18,0.092,0.10304502,0.09969579,train,11.5,3500.0,0.08947299029378106,0.26902858581850425,0.3135706469125398,train
2023-07-19,0.086,0.10209756,0.10183687,train,1.6,5110.0,0.08282538794158535,0.2554859135045278,0.31915859778124567,train
2023-07-20,0.126,0.09661994,0.09511275,train,0.2,3410.0,0.0800016002437218,0.23105520149760847,0.3041410979467868,train
2023-07-21,0.106,0.092525885,0.09139939,train,0.0,2040.0,0.07848989940917768,0.21349026503921056,0.29311904265215294,train
2023-07-22,0.086,0.091420785,0.091116704,train,0.0,1670.0,0.07798093557700939,0.20631361041569496,0.2889850956018598,train
2023-07-23,0.088,0.09086115,0.09070717,train,0.0,1250.0,0.07750888215267114,0.19961245311551476,0.2846730579151533,train
2023-07-24,0.086,0.09112091,0.09119239,train,0.0,1140.0,0.07730990526493303,0.19624646772686646,0.2822684657372302,train
2023-07-25,0.072,0.091437384,0.09152447,train,0.0,970.0,0.07709998549028114,0.19281709869525082,0.27956400242559915,train
2023-07-26,0.082,0.09137749,0.09136101,train,0.0,630.0,0.07679237074487008,0.1882391028790308,0.2759178453334793,train
2023-07-27,0.1,0.0913713,0.09136959,train,0.0,360.0,0.07655225901925276,0.1845051849840399,0.2726747133731657,train
2023-07-28,0.08,0.09260401,0.0929432,train,0.0,640.0,0.07671004521293594,0.1857191994441783,0.2724831617654518,train
2023-07-29,0.095,0.093431205,0.09365881,train,0.0,600.0,0.0766435285061684,0.1842830280793846,0.2706057347195316,train
2023-07-30,0.111,0.10840208,0.11252139,train,28.0,2920.0,0.10139535024905023,0.29403101508725354,0.3062787291320844,train
2023-07-31,0.109,0.09764856,0.09468968,train,0.0,1990.0,0.07906152178540156,0.21706632244695706,0.2841770735728476,train
2023-08-01,0.103,0.10031261,0.10104564,train,6.5,2335.0,0.08410032396036377,0.2334501046991214,0.2892909978846053,train
2023-08-02,0.096,0.09940753,0.099158496,train,0.0,2335.0,0.07867174495453247,0.21211331847230583,0.2840829608657378,train
2023-08-03,0.088,0.091352135,0.089135654,train,0.0,1130.0,0.08201880109414608,0.03598613483250816,0.23919530474069112,train
2023-08-04,0.077,0.087692946,0.086686105,train,0.0,430.0,0.08149435150041219,0.0257512863811611,0.23069960018644844,train
2023-08-05,0.09,0.086169094,0.0857498,train,0.0,450.0,0.08149283717283339,0.022830894442995298,0.22411467330315957,train
2023-08-06,0.081,0.08484694,0.084483154,train,0.0,260.0,0.08140891758992919,0.018839242080209755,0.21731534437278865,train
2023-08-07,0.07,0.083817005,0.08353361,train,0.0,190.0,0.08142979632152868,0.016423744300956084,0.21095995070004042,train
2023-08-08,0.08,0.083896,0.083917744,train,0.0,600.0,0.08176056902186421,0.018557661919123426,0.20581160323049946,train
2023-08-09,0.078,0.08328637,0.083118625,train,0.4,360.0,0.08202959441341644,0.016617586162154113,0.19982057980587375,train
2023-08-10,0.114,0.110994704,0.11861877,train,32.3,4340.0,0.11107288052331367,0.15376219293609553,0.23519870355255837,train
2023-08-11,0.144,0.09705894,0.09322445,train,0.5,4240.0,0.08649328025382946,0.07520090915783012,0.21134653097078257,train
2023-08-12,0.109,0.11685634,0.12230368,train,13.3,7380.0,0.09873427664883147,0.1356967301870929,0.23387566698634943,train
2023-08-13,0.133,0.11509142,0.11460579,train,13.0,6820.0,0.09840432028420935,0.13435802293576288,0.23034822243070166,train
2023-08-14,0.084,0.10276698,0.09937586,train,4.1,5540.0,0.09029396864134158,0.09723919530166575,0.2137387103387476,train
2023-08-15,0.08,0.09273822,0.089978755,train,3.8,3480.0,0.08828847889780414,0.0730421026302655,0.2005315479490665,train
2023-08-16,0.08,0.08675753,0.08511192,train,2.7,2300.0,0.0863551985630217,0.055161163342517174,0.19114300768525422,train
2023-08-17,0.083,0.08229403,0.08106588,train,0.6,1400.0,0.08383030907758776,0.03672247955159275,0.18226355370837477,train
2023-08-18,0.089,0.079941235,0.079293855,train,0.0,1000.0,0.08283357511450713,0.026851427812093404,0.17568396620148155,train
2023-08-19,0.082,0.07984929,0.07982399,train,1.5,980.0,0.08386046641049723,0.027855812445895557,0.17160435073385488,train
2023-08-20,0.116,0.09777066,0.102701806,train,28.7,3030.0,0.10757566046360838,0.132239537329032,0.19585146184899083,train
2023-08-21,0.091,0.084448636,0.080783024,train,0.1,2340.0,0.08495239881955806,0.0546367177433413,0.17397803734594025,train
2023-08-22,0.088,0.0865309,0.08710384,train,5.6,3000.0,0.08930439515227813,0.06965746490462808,0.17544495405139957,train
2023-08-23,0.08,0.09424165,0.09636329,train,30.4,2670.0,0.10943375838388897,0.14548771268862296,0.1915544814699502,train
2023-08-24,0.078,0.08288292,0.07975751,train,2.2,2610.0,0.08737363919582704,0.07264810855460216,0.17273737016023935,train
2023-08-25,0.07,0.07748112,0.07599479,train,0.0,1770.0,0.08428756982372475,0.04867893816762958,0.1634062849402799,train
2023-08-26,0.064,0.07585338,0.07540549,train,0.1,1580.0,0.08362310644328545,0.038872611492878614,0.1578528339083884,train
2023-08-27,0.093,0.09846768,0.104690105,train,36.7,4300.0,0.11524886777705007,0.17505216440578003,0.19574455303179994,train
2023-08-28,0.145,0.116665594,0.12167283,train,27.3,10310.0,0.11362587888043502,0.22229281723115252,0.2374617925415095,train
2023-08-29,0.148,0.12977833,0.13338636,train,27.5,16730.0,0.11953682800278008,0.2889306058285475,0.30491271336657955,train
2023-08-30,0.079,0.083349794,0.07057478,train,0.0,4300.0,0.08723670486968874,0.09938820002780456,0.18142335700608586,train
2023-08-31,0.065,0.07074463,0.06727627,train,0.2,2880.0,0.0851080369763644,0.07066752712783025,0.1695350002351142,train
2023-09-01,0.064,0.06798453,0.067225076,train,2.3,3000.0,0.0859955257030926,0.06677654335838845,0.16627646134082935,train
2023-09-02,0.063,0.06457361,0.06363508,train,0.0,2260.0,0.08308325816736731,0.04644350492969303,0.15782249932869633,train
2023-09-03,0.065,0.06258021,0.062031716,train,0.0,1730.0,0.08224307538428048,0.03551190437060144,0.15176028227922433,train
2023-09-04,0.064,0.06062873,0.060091775,train,0.0,1120.0,0.08150937618269154,0.02584776299260467,0.14593760718517876,train
2023-09-05,0.062,0.06492127,0.06610238,train,5.3,1660.0,0.08595916159527817,0.04469872336430035,0.14717829648664793,train
2023-09-06,0.087,0.08271642,0.08761283,train,14.3,4310.0,0.09522240141667287,0.09909885170994291,0.16243900577227882,train
2023-09-07,0.095,0.07998782,0.07923703,train,4.7,4500.0,0.08791282312241377,0.07863646684676635,0.15582765674922622,train
2023-09-08,0.079,0.0739765,0.072322465,train,6.1,2840.0,0.0877572003349508,0.06735815853745002,0.14863480230410636,train
2023-09-09,0.073,0.06559925,0.06329421,train,0.0,1950.0,0.08206151511323208,0.04015244583312173,0.1389991439737336,train
2023-09-10,0.072,0.0690627,0.07001569,train,4.8,2270.0,0.085800536966989,0.05382676186397023,0.13993588791320688,train
2023-09-11,0.069,0.06386035,0.062428903,train,0.0,1540.0,0.08133155700083686,0.032712325693757385,0.1320844711791666,train
2023-09-12,0.067,0.06300464,0.0627692,train,0.0,1520.0,0.08099895238256706,0.029317475903789608,0.12853566086294033,train
2023-09-13,0.072,0.076570496,0.08030321,val,4.6,3430.0,0.08576105621358161,0.05866657108613507,0.13479558354079363,validation
2023-09-14,0.179,0.16224152,0.18581428,val,28.5,17540.0,0.11630676581584173,0.26088412928684,0.2625509305813193,validation
2023-09-15,0.157,0.1637057,0.16410859,val,34.4,27520.0,0.13166946571584598,0.3877525087988926,0.41659490107315267,validation
2023-09-16,0.09,0.10926336,0.09428332,val,0.1,9590.0,0.08838289406262226,0.14081530457582747,0.18508783482543556,validation
2023-09-17,0.068,0.088466294,0.08274389,val,0.0,7180.0,0.08530455027182665,0.10582552639457626,0.1664067379263119,validation
2023-09-18,0.062,0.07683751,0.073637806,val,0.0,5270.0,0.08309590811732559,0.07971888688497193,0.1535567978312743,validation
2023-09-19,0.061,0.06734563,0.06473389,val,0.0,3410.0,0.08123145732057262,0.05708784994520741,0.14297035394729143,validation
2023-09-20,0.064,0.06397981,0.0630537,val,0.0,2790.0,0.08037739968687484,0.04735968601129574,0.13764235586563134,validation
2023-09-21,0.064,0.06188603,0.06130992,val,0.0,2210.0,0.07967276456568705,0.03948225276337693,0.13281463424189385,validation
2023-09-22,0.062,0.060542904,0.060173336,val,0.0,1780.0,0.0791487997586477,0.033967203804107976,0.1286599531086804,validation
2023-09-23,0.059,0.061305963,0.06151592,val,0.0,1800.0,0.07896314301287714,0.033108794505941036,0.1258704629756469,validation
2023-09-24,0.062,0.06214491,0.06237575,val,0.0,1740.0,0.078761758688295,0.03208801650037706,0.12304180047263702,validation
2023-09-25,0.073,0.08081839,0.085956484,val,22.2,1170.0,0.09653552362234702,0.09884954227479578,0.13503130642259545,validation
2023-09-26,0.073,0.068984516,0.065728374,val,0.0,2510.0,0.08020296778653457,0.05674391536335606,0.12678363314220767,validation
2023-09-27,0.067,0.06470653,0.06352942,val,0.3,1860.0,0.07949662368892038,0.047042195457418105,0.1220575159096679,validation
2023-09-28,0.074,0.06923883,0.07048591,val,0.6,2600.0,0.07982848962818972,0.051411901310499865,0.12195304749461996,validation
2023-09-29,0.084,0.08761821,0.09267537,val,14.6,2700.0,0.09115877125032529,0.09596186918944787,0.1316430348284248,validation
2023-09-30,0.066,0.06763653,0.062138483,val,0.0,1540.0,0.07889351792889303,0.049096643108016244,0.11823955215390822,validation
2023-10-01,0.065,0.05803152,0.055388663,val,0.0,1570.0,0.07842834430439943,0.04514618506075973,0.11562251306218543,validation
2023-10-02,0.067,0.054077808,0.052989926,val,0.0,1210.0,0.07783230852915574,0.03935296842916523,0.11219410964020353,validation
2023-10-03,0.063,0.054183945,0.054213148,val,0.0,1490.0,0.07771955932375271,0.04020361931336081,0.11069281367392945,validation
2023-10-04,0.063,0.055065185,0.055307664,val,0.0,1690.0,0.07760749966908462,0.04112745501266695,0.10923438842144999,validation
2023-10-05,0.062,0.053787876,0.053436417,val,0.0,1430.0,0.07724165757092653,0.03860151940602281,0.10668469801701894,validation
2023-10-06,0.058,0.054283205,0.054419495,val,1.0,1280.0,0.07779582512320174,0.04065368036258596,0.1052495132392405,validation
2023-10-07,0.067,0.06298856,0.065383874,val,3.3,2050.0,0.08007412815376673,0.05598551774623516,0.10791511708608369,validation
2023-10-08,0.07,0.07297476,0.07572251,val,5.8,2630.0,0.08251697735405483,0.07213153384193986,0.11150169572912104,validation
2023-10-09,0.062,0.071560614,0.07117151,val,2.5,3000.0,0.08012127121318634,0.06912736243227433,0.11063094711816579,validation
2023-10-10,0.07,0.07301614,0.073416635,val,3.2,3030.0,0.08054087726497214,0.07244129417972471,0.11083138257418394,validation
2023-10-11,0.056,0.062472045,0.059570793,val,0.1,2270.0,0.07735484154582165,0.05726825875098185,0.10540181922144094,validation
2023-10-12,0.053,0.059956376,0.059264176,val,0.0,2220.0,0.07693266596205794,0.05536934643164926,0.10385691675864034,validation
2023-10-13,0.052,0.058332555,0.057885755,val,0.0,2020.0,0.07654253415321496,0.053103447796442986,0.10203766722688459,validation
2023-10-14,0.05,0.056404307,0.05587374,val,0.0,1760.0,0.0761532171280548,0.05083145971625265,0.10013668713794038,validation
2023-10-15,0.051,0.054973543,0.05457986,val,0.0,1600.0,0.07585518555095855,0.04979378577238534,0.09860914879997976,validation
2023-10-16,0.049,0.051419348,0.0504414,val,0.0,1110.0,0.0753679701873261,0.046152779022700624,0.09618569791096974,validation
2023-10-17,0.052,0.051108565,0.05102305,val,0.0,1210.0,0.07526859463761232,0.047823101368633644,0.09545891847721155,validation
2023-10-18,0.053,0.058502838,0.060537405,val,0.0,2250.0,0.07577217554673724,0.0577923009870574,0.09780640328410295,validation
2023-10-19,0.053,0.0738467,0.07806863,val,3.2,2950.0,0.07870291563335921,0.07526491533885099,0.10238285281266721,validation
2023-10-20,0.07,0.0824887,0.08486658,val,6.2,2870.0,0.08113645268552325,0.08797986017486473,0.10530410295201889,validation
2023-10-21,0.061,0.06444293,0.059477568,val,0.9,1920.0,0.07625820977479086,0.0679922981592175,0.09899929747662432,validation
2023-10-22,0.054,0.056775495,0.054665767,val,0.0,1670.0,0.07509393207305748,0.06281240369637078,0.09700094524562898,validation
2023-10-23,0.05,0.05166149,0.05025435,val,0.0,1170.0,0.07449793467328247,0.058079180504151895,0.09471856800672605,validation
2023-10-24,0.05,0.051589407,0.05156957,val,0.0,1330.0,0.07436589254163628,0.05960177822605821,0.09454123503762034,validation
2023-10-25,0.05,0.0504425,0.05012692,val,0.0,1180.0,0.07406095614406792,0.05880523647749597,0.0935368783568625,validation
2023-10-26,0.045,0.05190556,0.05230813,val,0.0,1420.0,0.07402376135361843,0.06165989234607917,0.09382668852006039,validation
2023-10-27,0.102,0.107146114,0.1223458,val,17.4,3820.0,0.08980665092667144,0.13975766494433506,0.11792468349749101,validation
2023-10-28,0.074,0.06632938,0.05509848,val,0.6,1860.0,0.0753701772743381,0.08353867200053912,0.10083316301833005,validation
2023-10-29,0.061,0.05787424,0.055547766,val,0.0,2050.0,0.07453768972086096,0.08071198664362705,0.10055172135072309,validation
2023-10-30,0.059,0.051005803,0.04911592,val,0.0,1300.0,0.07364649382970687,0.07237425296058031,0.09742383111897154,validation
2023-10-31,0.068,0.047502477,0.04653852,val,0.0,1000.0,0.073132065196593,0.06892842534713993,0.09596269380740197,validation
2023-11-01,0.066,0.053434245,0.0550664,val,0.0,1600.0,0.07325098723933682,0.07398975653647735,0.09762132862801129,validation
2023-11-02,0.059,0.0543206,0.054564483,val,0.0,1500.0,0.07294869098922215,0.0734621329887521,0.09715395307205069,validation
2023-11-03,0.065,0.05118744,0.050325338,val,0.0,1040.0,0.07244144812323591,0.07015434378782842,0.09553067388804279,validation
2023-11-04,0.067,0.052677445,0.05308743,val,0.0,1290.0,0.07241329059095815,0.07325610629307307,0.09628903418386373,validation
2023-11-05,0.057,0.051347952,0.050982136,val,0.0,1060.0,0.07208577613319171,0.07236505328711568,0.09555218531259053,validation
2023-11-06,0.064,0.05005671,0.049701422,val,0.0,920.0,0.07182722787058574,0.07238070062766086,0.0951315479496945,validation
2023-11-07,0.056,0.047672156,0.047016036,val,0.0,650.0,0.07149281131334452,0.07135821238621899,0.09430539467987828,validation
2023-11-08,0.115,0.10101686,0.11569488,val,13.3,3140.0,0.08395586022193093,0.13739854536576185,0.11506421070494942,validation
2023-11-09,0.067,0.06362581,0.053337507,val,0.0,1480.0,0.07241738619568582,0.09213509753431173,0.1017927646031599,validation
2023-11-10,0.147,0.16405237,0.19168517,val,40.8,17220.0,0.1183139873370308,0.3590570263328313,0.27871932569652774,validation
2023-11-11,0.124,0.09582071,0.07704648,val,0.2,5300.0,0.07653223513791751,0.15640808394977473,0.13740165789815828,validation
2023-11-12,0.075,0.06981397,0.0626581,val,2.2,2780.0,0.07535708143513908,0.13121540172172177,0.12492211786717519,validation
2023-11-13,0.057,0.056385398,0.052690472,val,0.4,1980.0,0.07267118900600336,0.1136865157224371,0.11977914036314173,validation
2023-11-14,0.054,0.058647137,0.05926946,val,1.2,2290.0,0.07294003162225683,0.11465702398969613,0.12137054757325055,validation
2023-11-15,0.053,0.061209477,0.06191452,val,0.8,2530.0,0.07235000791660784,0.1135541302213989,0.12229971451148217,validation
2023-11-16,0.054,0.06330881,0.063886456,val,1.4,2380.0,0.07238001796858402,0.11302473586173278,0.12241162939067882,validation
2023-11-17,0.047,0.05761649,0.056050226,val,0.0,1920.0,0.07065353102391414,0.10464886228986202,0.11991330309410309,validation
2023-11-18,0.055,0.05333887,0.052161865,val,0.0,1400.0,0.0700080499433266,0.0995886518925165,0.11794029790382923,validation
2023-11-19,0.046,0.05331176,0.053304303,val,0.0,1420.0,0.06977627140860809,0.09986396998891811,0.11817247008997891,validation
2023-11-20,0.071,0.053601425,0.053681128,val,0.0,1370.0,0.06953322775959053,0.09998551537061379,0.11823119165893216,validation
2023-11-21,0.072,0.052898444,0.052705016,val,0.0,1200.0,0.06923645818885112,0.09938387162427723,0.11788242551446956,validation
2023-11-22,0.085,0.052351464,0.052200958,val,0.0,1090.0,0.06899870822467305,0.09952700414439208,0.11780151260551808,validation
2023-11-23,0.059,0.05487654,0.055571325,val,0.0,1350.0,0.06901855060397391,0.10303989317157344,0.11923706278669924,validation
2023-11-24,0.065,0.054516487,0.054417416,val,0.0,1190.0,0.06876718468955399,0.10301677542990315,0.11910889298616659,validation
2023-11-25,0.06,0.054479077,0.054468784,val,0.0,1150.0,0.0686034591602904,0.10411325774890043,0.1194751049905171,validation
2023-11-26,0.064,0.056334667,0.056845244,val,0.0,1320.0,0.06858406993764003,0.1070876097162466,0.12074148982629677,validation
2023-11-27,0.061,0.056290954,0.05627892,val,0.0,1230.0,0.06839424449722675,0.10784279421590956,0.12102928874194888,validation
2023-11-28,0.048,0.058632143,0.059276335,val,0.0,1450.0,0.0684144482868497,0.11131615442477313,0.12263606964877824,validation
2023-11-29,0.048,0.058563855,0.058545064,val,0.0,1350.0,0.06822175278715312,0.11202956962542421,0.12299327429981713,validation
2023-11-30,0.054,0.061179783,0.06189957,val,1.0,1240.0,0.06884864865201944,0.1159042390814844,0.12404169717833252,validation
2023-12-01,0.049,0.05008059,0.047026597,val,0.0,880.0,0.06772067607710444,0.11195328249534806,0.12286803124203537,validation
2023-12-02,0.048,0.047633648,0.04696036,val,0.0,890.0,0.06759475098028574,0.11340507315455664,0.12360641675601917,validation
2023-12-03,0.049,0.05431015,0.056147218,val,2.0,950.0,0.06915413335815675,0.12183759067935687,0.12601732124595655,validation
2023-12-04,0.088,0.110511854,0.125976,val,15.0,3380.0,0.08155297559670162,0.18810656080011648,0.15048617463412017,validation
2023-12-05,0.06,0.063605785,0.05069937,val,0.0,1580.0,0.06855592229346077,0.13710642454490202,0.1344253880551777,validation
2023-12-06,0.053,0.050064847,0.046338998,val,0.0,1070.0,0.06778719137593892,0.13025391931664884,0.13251580641983982,validation
2023-12-07,0.047,0.046191245,0.045125403,val,0.0,900.0,0.06735144736166623,0.12756089298258516,0.13227291882908662,validation
2023-12-08,0.049,0.04586367,0.045773532,val,0.0,930.0,0.06711949783892188,0.12744802408831243,0.133016191621591,validation
2023-12-09,0.053,0.047849964,0.0483965,val,0.0,1150.0,0.06706270938844228,0.1295736907452386,0.13472705663911108,validation
2023-12-10,0.05,0.052924853,0.054321233,val,0.0,1650.0,0.06722788674700549,0.13454080222210996,0.13791475242712964,validation
2023-12-11,0.065,0.047376357,0.045849662,val,0.0,820.0,0.06651102416014362,0.12824571797531897,0.1351138449573556,validation
2023-12-12,0.051,0.0446408,0.043888103,val,0.0,620.0,0.06624834247875519,0.12761809877485586,0.13508031937913723,validation
2023-12-13,0.045,0.04339002,0.043045864,val,0.0,540.0,0.06608135211211838,0.12816842459734584,0.13557285353658746,validation
2023-12-14,0.047,0.048157983,0.049469903,val,0.0,1140.0,0.06638348734894113,0.13471558814247728,0.1391823328055385,validation
2023-12-15,0.049,0.047484256,0.04729888,val,0.0,920.0,0.06613223370141622,0.1342057098249339,0.13922939522193017,validation
2023-12-16,0.054,0.061218005,0.064996906,val,4.3,890.0,0.06955411328570499,0.1492996105080279,0.14314711731065924,validation
2023-12-17,0.039,0.05388862,0.051871903,val,1.4,830.0,0.06727236660093144,0.1443369180675136,0.1430498299432615,validation
2023-12-18,0.037,0.052504092,0.052123137,val,1.4,850.0,0.0671981320890604,0.1460818896032674,0.14445870760953072,validation
2023-12-19,0.044,0.06411526,0.06731013,val,4.3,1210.0,0.0697451337496128,0.16014300454632857,0.14967153932050403,validation
2023-12-20,0.037,0.05022051,0.046397313,val,0.1,820.0,0.06609074194040197,0.14704615033672522,0.146960787473555,validation
2023-12-21,0.034,0.04647228,0.04544094,val,0.0,720.0,0.06573458184748449,0.14562180132069782,0.14730964139990801,validation
2023-12-22,0.039,0.046860825,0.046967734,val,0.0,840.0,0.06564920165106132,0.1468623814846728,0.14881651351532002,validation
2023-12-23,0.033,0.045336742,0.044917382,val,0.0,600.0,0.06534906401681796,0.1453563945623489,0.1486713981285551,validation
2023-12-24,0.048,0.04898392,0.049987458,val,0.0,1080.0,0.06556729656979896,0.1503632992966229,0.1520232586700327,validation
2023-12-25,0.048,0.05403731,0.05542777,val,0.0,1540.0,0.06578605451420762,0.15537582387855886,0.15553670989244142,validation
2023-12-26,0.043,0.053414974,0.053243734,val,0.0,1280.0,0.06551584692492587,0.15425856644177585,0.15552848898037908,validation
2023-12-27,0.044,0.05170743,0.051237594,val,0.0,1050.0,0.06527959339715368,0.153482706968331,0.15563560824171588,validation
2023-12-28,0.043,0.0486139,0.047762703,val,0.0,690.0,0.06496475764658097,0.1516305508084506,0.15506199292443373,validation
2023-12-29,0.046,0.052851733,0.05401779,val,0.0,1280.0,0.06531396448708733,0.15805892368607696,0.15920089073434288,validation
2023-12-30,0.055,0.054056063,0.054387443,val,0.4,1120.0,0.06547370626580294,0.15928792069857037,0.15998894126915214,validation
2023-12-31,0.081,0.050921153,0.05005857,val,0.0,850.0,0.0649274156718141,0.15730464839199168,0.15971985056204835,validation
