date,obs,rain,runoff,p05,p25,p50,p75,p95,width_50,width_90,cover_90,season,all_days,rainfall_days,non_rainfall_days,high_runoff_days,peak_TP_days,low_runoff_high_TP_days
2023-01-01,0.042,0.0,150.0,0.014438388095755397,0.018173165627106823,0.02014068267495141,0.02236815712303857,0.02579139035233564,0.004194991495931746,0.011353002256580244,0,Winter,True,False,True,False,False,False
2023-01-02,0.037,0.0,180.0,0.016329713871805974,0.019533422034474765,0.021976381566261985,0.024161445129605125,0.027737091760016264,0.00462802309513036,0.01140737788821029,0,Winter,True,False,True,False,False,False
2023-01-03,0.086,1.5,760.0,0.027494632590644295,0.030312454149161016,0.03358547481683525,0.03549137010521865,0.03990353929661026,0.005178915956057632,0.012408906705965964,0,Winter,True,True,False,False,False,True
2023-01-04,0.06,0.0,340.0,0.023266704255102192,0.026606356600740542,0.028619818051796357,0.031380085668061025,0.03466912227348186,0.004773729067320483,0.011402418018379667,0,Winter,True,False,True,False,False,False
2023-01-05,0.046,0.0,220.0,0.023160392531129625,0.02628891678654955,0.028341770951874276,0.0298673747779052,0.03405873453719356,0.0035784579913556505,0.010898342006063936,0,Winter,True,False,True,False,False,False
2023-01-06,0.045,0.0,110.0,0.022392551693797808,0.02601037973564298,0.0288666075711123,0.030531698212146186,0.035128282577164126,0.004521318476503205,0.012735730883366318,0,Winter,True,False,True,False,False,False
2023-01-07,0.043,0.0,60.0,0.0235309079810699,0.02667455770742032,0.028959903193445137,0.031001334011991025,0.03470122919300293,0.004326776304570706,0.011170321211933034,0,Winter,True,False,True,False,False,False
2023-01-08,0.05,2.4,430.0,0.03402887987903097,0.03684300824399585,0.03961654552708743,0.04246647699054754,0.04655323917964834,0.005623468746551695,0.01252435930061737,0,Winter,True,True,False,False,False,False
2023-01-09,0.14,35.7,7630.0,0.13282322555388912,0.14126428322003437,0.14645201190121998,0.1510520479304676,0.15916089449110826,0.009787764710433217,0.026337668937219144,1,Winter,True,True,False,True,True,False
2023-01-10,0.084,0.0,2140.0,0.06540553276599331,0.06937412192765591,0.07179281793371217,0.07495837968440494,0.07954280929833432,0.005584257756749034,0.014137276532341009,0,Winter,True,False,True,False,False,False
2023-01-11,0.071,0.7,1360.0,0.05255910548308707,0.05584848756287723,0.05843197778108042,0.06098690907416747,0.06507898195302568,0.0051384215112902365,0.012519876469938608,0,Winter,True,True,False,False,False,False
2023-01-12,0.075,9.2,2890.0,0.07624797515843214,0.08080744577501428,0.08452153623257821,0.08750002082985538,0.0918023896086669,0.006692575054841096,0.015554414450234769,0,Winter,True,True,False,False,False,False
2023-01-13,0.093,8.5,5470.0,0.08965016437788755,0.09629381222993422,0.10046156807839071,0.10382648223941862,0.10827044517069567,0.007532670009484405,0.018620280792808128,1,Winter,True,True,False,True,False,False
2023-01-14,0.068,0.0,2130.0,0.06162579545525642,0.0660328012567954,0.06862659717427322,0.07186298098189763,0.07630028452609218,0.005830179725102219,0.01467448907083576,1,Winter,True,False,True,False,False,False
2023-01-15,0.072,0.0,1460.0,0.05716658012467434,0.06212327826236966,0.06483617522476567,0.0677561002476373,0.07212780213893247,0.0056328219852676414,0.014961222014258126,1,Winter,True,False,True,False,False,False
2023-01-16,0.064,1.6,1250.0,0.06432217775839004,0.06849911298928077,0.07123985974973226,0.07430603501196972,0.07909605003517109,0.005806922022688954,0.01477387227678105,0,Winter,True,True,False,False,False,False
2023-01-17,0.068,0.0,1150.0,0.06303295757553092,0.06731652609523274,0.07011697708744535,0.07264561141246305,0.07769085949482085,0.005329085317230309,0.014657901919289937,1,Winter,True,False,True,False,False,False
2023-01-18,0.069,0.0,1000.0,0.06656497356432413,0.06967931100900557,0.07208650862642679,0.07490520664385428,0.07989675071319212,0.0052258956348487096,0.01333177714886799,1,Winter,True,False,True,False,False,False
2023-01-19,0.068,0.0,570.0,0.06540810493798525,0.07018366989485714,0.07251035417769963,0.07538117007601254,0.0804537278372069,0.005197500181155404,0.01504562289922165,1,Winter,True,False,True,False,False,False
2023-01-20,0.064,0.0,370.0,0.06640819651799715,0.07037981414837943,0.07359257885483173,0.07601663699180307,0.08141768783197255,0.005636822843423636,0.015009491313975401,0,Winter,True,False,True,False,False,False
2023-01-21,0.066,0.0,340.0,0.06802064288386601,0.07121954042855042,0.07379343639718484,0.07688546219100413,0.080967975268453,0.005665921762453716,0.01294733238458698,0,Winter,True,False,True,False,False,False
2023-01-22,0.073,0.0,370.0,0.06763495082911532,0.07117602201268156,0.07342041803439771,0.0759021207068643,0.08117071738129379,0.004726098694182751,0.013535766552178474,1,Winter,True,False,True,False,False,False
2023-01-23,0.081,0.0,360.0,0.06630662279833088,0.0708190753847451,0.07297525120335875,0.07569494842150377,0.08062414029550553,0.004875873036758668,0.01431751749717465,0,Winter,True,False,True,False,False,False
2023-01-24,0.063,0.0,260.0,0.06581776645344961,0.06869032422996293,0.07113855412926781,0.07450349646925301,0.08079016714042433,0.005813172239290079,0.014972400686974724,0,Winter,True,False,True,False,False,False
2023-01-25,0.077,0.0,290.0,0.06372884218546684,0.06832629173354139,0.07132235634337741,0.07359489241809278,0.07847614952269023,0.005268600684551386,0.01474730733722339,1,Winter,True,False,True,False,False,False
2023-01-26,0.086,0.0,300.0,0.06263021353389445,0.06781428717269314,0.06972986448945459,0.07323333262112756,0.07599676777510397,0.005419045448434426,0.013366554241209527,0,Winter,True,False,True,False,False,True
2023-01-27,0.091,0.0,250.0,0.06267766529137334,0.06624360149609712,0.0684039071825894,0.07083139689562812,0.074635620422678,0.004587795399530997,0.011957955131304668,0,Winter,True,False,True,False,False,True
2023-01-28,0.079,0.0,240.0,0.06189283064013991,0.06416109783360921,0.06676598300035232,0.06901227023500141,0.07299055367498256,0.004851172401392198,0.011097723034842646,0,Winter,True,False,True,False,False,False
2023-01-29,0.065,0.0,200.0,0.059304509976946446,0.06277386770730262,0.0651198123534325,0.06745157851371197,0.07245066151825746,0.0046777108064093575,0.013146151541311019,1,Winter,True,False,True,False,False,False
2023-01-30,0.07,0.0,370.0,0.05816515191077914,0.06218647245798631,0.06439285885738309,0.0671340917579771,0.07208188742271991,0.004947619299990796,0.013916735511940774,1,Winter,True,False,True,False,False,False
2023-01-31,0.066,0.0,730.0,0.05907925965471816,0.06330495346625159,0.0656619219418721,0.06829040634894482,0.07254228148351156,0.004985452882693225,0.013463021828793408,1,Winter,True,False,True,False,False,False
2023-02-01,0.066,0.0,400.0,0.05794170257637498,0.06136634129735455,0.06399330535404993,0.06745249206328438,0.07257359055745871,0.006086150765929832,0.014631887981083731,1,Winter,True,False,True,False,False,False
2023-02-02,0.07,0.0,300.0,0.05730559048345834,0.060196251232013484,0.0627308695369816,0.06537762542546836,0.06972951384457594,0.00518137419345488,0.012423923361117604,0,Winter,True,False,True,False,False,False
2023-02-03,0.077,0.0,530.0,0.0554455168550765,0.05970728483676158,0.06240790273517542,0.06523588263630672,0.06860005392059561,0.005528597799545142,0.013154537065519105,0,Winter,True,False,True,False,False,False
2023-02-04,0.077,7.0,650.0,0.07039683713519235,0.07354655426967668,0.07687898704648811,0.0799515304951336,0.08493249475040618,0.00640497622545691,0.014535657615213832,1,Winter,True,True,False,False,False,False
2023-02-05,0.123,25.0,4420.0,0.1273036429503257,0.13327899230879617,0.13863818569052855,0.14352163089166328,0.1490431205386093,0.010242638582867114,0.021739477588283596,0,Winter,True,True,False,True,True,False
2023-02-06,0.079,3.5,1370.0,0.07473441090563286,0.07987064819981522,0.08230354639438572,0.0853388960140237,0.08909908446866187,0.005468247814208474,0.014364673563029007,1,Winter,True,True,False,False,False,False
2023-02-07,0.084,7.1,2320.0,0.07240088409455446,0.07698795519652794,0.0803535816730122,0.08330007430614832,0.0874956313798018,0.006312119109620373,0.015094747285247345,1,Winter,True,True,False,False,False,False
2023-02-08,0.069,1.1,1380.0,0.05975300381028911,0.06284477351551658,0.06745087690224624,0.06970904654579532,0.07365165139282816,0.006864273030278742,0.013898647582539045,1,Winter,True,True,False,False,False,False
2023-02-09,0.068,2.8,1220.0,0.06133012473276244,0.06568275179828117,0.06912220361816705,0.07133282262669302,0.07538451596420631,0.005650070828411846,0.01405439123144387,1,Winter,True,True,False,False,False,False
2023-02-10,0.098,9.9,4130.0,0.08360490395943451,0.08879895671742513,0.09225385074706205,0.09488681466262623,0.09983643540425376,0.0060878579452011,0.016231531444819244,1,Winter,True,True,False,False,False,False
2023-02-11,0.09,5.7,3850.0,0.07579560819445731,0.08100087386665716,0.0832909163634578,0.0854575748797207,0.08911054689410346,0.00445670101306353,0.013314938699646145,0,Winter,True,True,False,False,False,False
2023-02-12,0.066,2.7,2410.0,0.06638432482104831,0.07076740554686967,0.07317364196349169,0.07537893815609362,0.07978671587440576,0.004611532609223951,0.013402391053357457,0,Winter,True,True,False,False,False,False
2023-02-13,0.089,3.9,2050.0,0.06672461848267204,0.07136312710750733,0.0736336899163029,0.07680726503205572,0.08060343381797404,0.005444137924548384,0.013878815335301997,0,Winter,True,True,False,False,False,False
2023-02-14,0.064,0.0,1320.0,0.062097259820952544,0.0648482612147892,0.06779479815110037,0.07046856460684087,0.07506328560787481,0.005620303392051662,0.01296602578692227,1,Winter,True,False,True,False,False,False
2023-02-15,0.067,0.0,1030.0,0.061747213289098615,0.06554891038838886,0.06822394089563386,0.07096543039779271,0.07481110833971004,0.005416520009403847,0.013063895050611424,1,Winter,True,False,True,False,False,False
2023-02-16,0.076,0.0,890.0,0.06269479150847851,0.06624073904298644,0.06920765161842593,0.07197064456877873,0.07642574057453157,0.005729905525792292,0.013730949066053058,1,Winter,True,False,True,False,False,False
2023-02-17,0.057,0.0,930.0,0.06310105978220473,0.06655261497138588,0.06994701728389748,0.07259812039210363,0.07784749110733025,0.006045505420717745,0.014746431325125514,0,Winter,True,False,True,False,False,False
2023-02-18,0.055,0.0,760.0,0.06247441355846091,0.06613697050949013,0.06916969122762498,0.07249412989834211,0.07541760833989125,0.0063571593888519795,0.012943194781430342,0,Winter,True,False,True,False,False,False
2023-02-19,0.058,0.0,560.0,0.06031766769806896,0.06452557249989178,0.06741224200668858,0.07138031770666342,0.0751815283296961,0.006854745206771637,0.014863860631627139,0,Winter,True,False,True,False,False,False
2023-02-20,0.054,0.0,500.0,0.05863565730742234,0.06304541151500195,0.06619251780023422,0.06983986432843098,0.07482462027708349,0.006794452813429025,0.01618896296966115,0,Winter,True,False,True,False,False,False
2023-02-21,0.061,0.0,480.0,0.05927479140987087,0.06220023261032255,0.06436663010465557,0.06753294525282665,0.07324499610654069,0.005332712642504095,0.013970204696669819,1,Winter,True,False,True,False,False,False
2023-02-22,0.059,0.0,460.0,0.0562231533980572,0.05987124673245005,0.06308531010058968,0.06568921959527503,0.0695138107704047,0.005817972862824983,0.01329065737234749,1,Winter,True,False,True,False,False,False
2023-02-23,0.055,0.0,870.0,0.05676857847352721,0.060401838713169835,0.06299178757043081,0.06575702014416207,0.07003086993779838,0.0053551814309922355,0.013262291464271166,0,Winter,True,False,True,False,False,False
2023-02-24,0.064,0.0,410.0,0.05405557584667945,0.057681844791521476,0.06011400317741793,0.06297273051556145,0.06744965338935198,0.005290885724039969,0.01339407754267253,1,Winter,True,False,True,False,False,False
2023-02-25,0.055,0.0,920.0,0.05394276210818699,0.056345247637626356,0.05988242155993566,0.06267947507432275,0.06765023530108653,0.006334227436696399,0.013707473192899541,1,Winter,True,False,True,False,False,False
2023-02-26,0.062,0.0,1230.0,0.053405961048310774,0.056461615291365855,0.05922880534869496,0.06170652758375097,0.06813713428702221,0.0052449122923851135,0.01473117323871144,1,Winter,True,False,True,False,False,False
2023-02-27,0.062,0.0,550.0,0.05381439580325461,0.058185352520883395,0.06198606200599432,0.06735457502069699,0.07359121066416577,0.009169222499813591,0.01977681486091116,1,Winter,True,False,True,False,False,False
2023-02-28,0.055,0.0,600.0,0.050410795322664265,0.05646385576842401,0.06241126578955632,0.06692877984729262,0.0724498035044564,0.010464924078868607,0.022039008181792136,1,Winter,True,False,True,False,False,False
2023-03-01,0.05,0.0,460.0,0.05532867626025011,0.06259383855010128,0.06695627932472126,0.07059516951239117,0.07828437343896709,0.008001330962289888,0.022955697178716976,0,Spring,True,False,True,False,False,False
2023-03-02,0.054,0.0,340.0,0.055607937726405064,0.06193346697495229,0.06712103278451922,0.07155483786935232,0.07762414424661203,0.00962137089440003,0.022016206520206964,0,Spring,True,False,True,False,False,False
2023-03-03,0.064,0.3,370.0,0.054011918249973215,0.062390594482825946,0.06688875674460418,0.07194360161176955,0.07587151187618489,0.009553007128943601,0.021859593626211676,1,Spring,True,True,False,False,False,False
2023-03-04,0.057,0.0,420.0,0.057598146690747976,0.06331797346905665,0.06638635790382125,0.07164817757835826,0.07853994513190542,0.008330204109301603,0.02094179844115744,0,Spring,True,False,True,False,False,False
2023-03-05,0.058,0.0,310.0,0.054696383633740575,0.061901971997219474,0.06625019100890378,0.07216220521783512,0.07782088297044146,0.010260233220615644,0.023124499336700882,1,Spring,True,False,True,False,False,False
2023-03-06,0.064,0.0,360.0,0.055263441693237006,0.06109082136135979,0.06560991236196301,0.06959657043981667,0.07568773393099054,0.008505749078456873,0.020424292237753536,1,Spring,True,False,True,False,False,False
2023-03-07,0.063,0.0,310.0,0.055925814387326245,0.06117467290484955,0.06492351805723207,0.07009467585407927,0.07426655836327069,0.008920002949229726,0.018340743975944443,1,Spring,True,False,True,False,False,False
2023-03-08,0.059,0.0,390.0,0.05502334227840647,0.06115440529283091,0.06503368476761237,0.07003401246133856,0.0765872407269961,0.00887960716850765,0.021563898448589636,1,Spring,True,False,True,False,False,False
2023-03-09,0.065,0.0,320.0,0.05270068600353686,0.059531994689854144,0.06404174254575995,0.0677692114952853,0.07488443755971255,0.008237216805431151,0.02218375155617569,1,Spring,True,False,True,False,False,False
2023-03-10,0.06,0.0,200.0,0.05325339358050645,0.056865482111112406,0.06339485898835115,0.0671270432113349,0.07101940581219832,0.0102615611002225,0.017766012231691865,1,Spring,True,False,True,False,False,False
2023-03-11,0.069,0.0,140.0,0.05075166714522075,0.05652144728463104,0.0616470937883982,0.0663432434045022,0.07224958450797057,0.009821796119871162,0.02149791736274982,1,Spring,True,False,True,False,False,False
2023-03-12,0.077,6.2,540.0,0.05862097146721033,0.06557704950791216,0.07062420973691838,0.07494720207028967,0.08139103575485276,0.009370152562377512,0.022770064287642437,1,Spring,True,True,False,False,False,False
2023-03-13,0.064,0.0,300.0,0.05187344936190202,0.0570385664099781,0.06188845861743939,0.06583298201301599,0.07152612285997981,0.00879441560303789,0.01965267349807779,1,Spring,True,False,True,False,False,False
2023-03-14,0.058,0.0,310.0,0.050036861412215965,0.054959775297685594,0.05975146016541816,0.06402478238343087,0.06908233844592154,0.009065007085745279,0.019045477033705578,1,Spring,True,False,True,False,False,False
2023-03-15,0.061,0.0,270.0,0.04744090495627135,0.05437678196987478,0.06009189874721624,0.06411372865955316,0.0684276760845707,0.00973694668967838,0.02098677112829935,1,Spring,True,False,True,False,False,False
2023-03-16,0.065,0.0,280.0,0.048087294304465004,0.0533727326789432,0.05786271228033441,0.062071927801926496,0.06878227264870572,0.008699195122983297,0.020694978344240715,1,Spring,True,False,True,False,False,False
2023-03-17,0.07,0.0,220.0,0.04835053035256339,0.053494582699209106,0.05712190573860983,0.06125229416699499,0.06864524875266532,0.007757711467785887,0.020294718400101934,0,Spring,True,False,True,False,False,False
2023-03-18,0.067,0.0,1800.0,0.051867122786305266,0.05881495561024556,0.0643664143098131,0.06764885124045628,0.07468812552848168,0.008833895630210718,0.022821002742176417,1,Spring,True,False,True,False,False,False
2023-03-19,0.063,0.0,2600.0,0.05606684989884681,0.06250324783878783,0.06755064290041221,0.07243996994839792,0.07776748901482428,0.009936722109610094,0.021700639115977464,1,Spring,True,False,True,False,False,False
2023-03-20,0.06,0.0,1660.0,0.05450186794280072,0.05893078213269687,0.06418285048219825,0.07014985612369816,0.0758736495152504,0.011219073991001291,0.021371781572449677,1,Spring,True,False,True,False,False,False
2023-03-21,0.069,0.0,1310.0,0.05189629268673653,0.056810107372855245,0.06260652043602305,0.0674695897473844,0.0737523656917037,0.010659482374529156,0.021856073004967162,1,Spring,True,False,True,False,False,False
2023-03-22,0.072,0.0,590.0,0.04990357836501439,0.055361996512304334,0.05941236950216015,0.06286383536313218,0.06822662141390896,0.007501838850827849,0.018323043048894573,0,Spring,True,False,True,False,False,False
2023-03-23,0.166,36.3,6500.0,0.13111883760743143,0.14238021171886242,0.14940326851291164,0.15792303733202434,0.16696010622661014,0.01554282561316192,0.03584126861917872,1,Spring,True,True,False,True,True,False
2023-03-24,0.183,63.0,26860.0,0.15473044043658474,0.17436362900662356,0.18554342358197992,0.19818009654807867,0.22351774227760102,0.02381646754145511,0.06878730184101628,1,Spring,True,True,False,True,True,False
2023-03-25,0.237,94.0,39220.0,0.18769178555565807,0.21451995947267283,0.23517982197745296,0.25351874108865347,0.28301150342839076,0.03899878161598064,0.09531971787273269,1,Spring,True,True,False,True,True,False
2023-03-26,0.075,5.7,20280.0,0.09365311935634783,0.10432538179799208,0.10970086819172742,0.11887547339264125,0.13195917680289052,0.014550091594649164,0.03830605744654268,0,Spring,True,True,False,True,False,False
2023-03-27,0.092,26.1,23480.0,0.08820739424865887,0.09883054089752069,0.10453405058241871,0.11137371346353943,0.12186978617389135,0.012543172566018737,0.03366239192523249,1,Spring,True,True,False,True,False,False
2023-03-28,0.078,6.9,14600.0,0.06573147955840342,0.07495068751962902,0.07987371389251782,0.08535224256583147,0.09199362378047073,0.010401555046202451,0.02626214422206731,1,Spring,True,True,False,True,False,False
2023-03-29,0.096,23.6,23280.0,0.07703341322824592,0.09061050530063945,0.09754927491146526,0.10225082533936346,0.11206376245046361,0.011640320038724006,0.03503034922221769,1,Spring,True,True,False,True,False,False
2023-03-30,0.092,9.3,18700.0,0.07149212988078242,0.07750264173714244,0.0830691728642283,0.08831073598411625,0.0933018329772339,0.010808094246973807,0.021809703096451485,1,Spring,True,True,False,True,False,False
2023-03-31,0.06,1.1,11780.0,0.05672759939366375,0.06474288223831952,0.06788426269142589,0.07414319977508078,0.07998521104193833,0.009400317536761266,0.023257611648274577,1,Spring,True,True,False,True,False,False
2023-04-01,0.059,1.7,8900.0,0.055029604420777985,0.06111939824079262,0.06384541163650956,0.06857411865073573,0.07500896443936687,0.007454720409943112,0.01997936001858889,1,Spring,True,True,False,True,False,False
2023-04-02,0.088,9.9,12010.0,0.06006779241545794,0.06860748674392954,0.07269934459358743,0.0763473238158581,0.08521425907711352,0.00773983707192856,0.025146466661655584,0,Spring,True,True,False,True,False,False
2023-04-03,0.072,2.1,8270.0,0.059690834266214625,0.06381766143465852,0.0662985623943648,0.06870465329619724,0.07296301998567022,0.0048869918615387226,0.013272185719455591,1,Spring,True,True,False,True,False,False
2023-04-04,0.154,60.8,26540.0,0.1188791930078512,0.13015854696696436,0.13767695812341324,0.1428732837002471,0.1535167728656438,0.012714736733282744,0.0346375798577926,0,Spring,True,True,False,True,True,False
2023-04-05,0.136,26.7,33330.0,0.11041007821331818,0.1206981505639805,0.12790325457737656,0.13755513428385024,0.14455450323266264,0.01685698371986974,0.03414442501934446,1,Spring,True,True,False,True,True,False
2023-04-06,0.058,0.7,19560.0,0.07265797886658626,0.07804838473907261,0.08227143689335416,0.08432329622833758,0.0911128035165689,0.00627491148926497,0.018454824649982646,0,Spring,True,True,False,True,False,False
2023-04-07,0.049,0.0,14030.0,0.05806823843122976,0.061990601019749,0.06555884817600008,0.06865289896120609,0.07187714534232303,0.00666229794145709,0.013808906911093273,0,Spring,True,False,True,True,False,False
2023-04-08,0.049,0.0,11420.0,0.05303217966803202,0.05641453462601645,0.05939549744188994,0.06257822244322603,0.0665627622975184,0.006163687817209579,0.013530582629486379,0,Spring,True,False,True,True,False,False
2023-04-09,0.048,0.0,9890.0,0.05242196020234302,0.05585734948971211,0.05857214035671836,0.06136093311577668,0.06591573574172283,0.005503583626064568,0.013493775539379804,0,Spring,True,False,True,True,False,False
2023-04-10,0.045,0.0,8510.0,0.055437395760327135,0.05861868971544641,0.06150453182447746,0.06391709797249787,0.06813101309091567,0.005298408257051454,0.012693617330588533,0,Spring,True,False,True,True,False,False
2023-04-11,0.047,0.0,7490.0,0.061834718924496664,0.06564002732992888,0.06844171129355305,0.07171006887536914,0.07497276159445564,0.006070041545440261,0.013138042669958973,0,Spring,True,False,True,True,False,False
2023-04-12,0.048,0.0,7500.0,0.07045128596248505,0.07502523611256763,0.07895293265223126,0.08165983909942383,0.08575994434149356,0.006634602986856197,0.015308658379008508,0,Spring,True,False,True,True,False,False
2023-04-13,0.068,3.9,5540.0,0.09172673446030014,0.09575180611244517,0.1005408239587839,0.10431830966113508,0.1084896027391346,0.008566503548689902,0.01676286827883447,0,Spring,True,True,False,True,False,False
2023-04-14,0.062,1.5,4580.0,0.09754335599951124,0.10452877493023505,0.1086140054148631,0.11177602801231823,0.11914905063401415,0.007247253082083183,0.021605694634502917,0,Spring,True,True,False,True,False,False
2023-04-15,0.153,0.4,4010.0,0.10682369818992779,0.11266791834126529,0.11764826244699389,0.1211559811284886,0.1276005643307262,0.008488062787223319,0.020776866140798406,0,Spring,True,True,False,False,True,False
2023-04-16,0.229,0.0,3000.0,0.11799625925664266,0.1243634063640295,0.12918235781865756,0.1331129888445483,0.13905836057293616,0.008749582480518811,0.021062101316293505,0,Spring,True,False,True,False,True,False
2023-04-17,0.146,0.0,2050.0,0.12833960185200932,0.13356955507733076,0.13750900856377174,0.1419830477466173,0.1467415824729645,0.008413492669286537,0.01840198062095519,1,Spring,True,False,True,False,True,False
2023-04-18,0.128,0.0,2910.0,0.128689114494111,0.1338892817880489,0.13706198650632442,0.1412705184396486,0.14780329700721678,0.007381236651599704,0.019114182513105787,0,Spring,True,False,True,False,True,False
2023-04-19,0.187,62.3,25310.0,0.15131269093833274,0.16507737172115425,0.17151630289666026,0.17952330541670647,0.1877859701423153,0.014445933695552221,0.03647327920398255,1,Spring,True,True,False,True,True,False
2023-04-20,0.1,0.0,9940.0,0.06919281270330943,0.07322269721491768,0.07570818565003094,0.07850512070811784,0.0833415730894816,0.005282423493200156,0.014148760386172174,0,Spring,True,False,True,True,False,False
2023-04-21,0.074,0.0,6880.0,0.04874199687772851,0.05288838346611997,0.05478265022060544,0.05693314536265583,0.06178504013840973,0.00404476189653586,0.013043043260681217,0,Spring,True,False,True,True,False,False
2023-04-22,0.07,1.5,6020.0,0.04987973096494528,0.05435525504877951,0.05658649931797173,0.0597460581448508,0.06323265060558436,0.005390803096071289,0.013352919640639081,0,Spring,True,True,False,True,False,False
2023-04-23,0.091,25.5,13870.0,0.09048782451432427,0.09680957893684819,0.1002475478953504,0.10588182869338328,0.11148741389483124,0.009072249756535089,0.020999589380506972,1,Spring,True,True,False,True,False,False
2023-04-24,0.098,0.6,13820.0,0.06956195801118326,0.07302962089773826,0.07532047111422929,0.07847317858512992,0.08432979548907868,0.005443557687391659,0.014767837477895424,0,Spring,True,True,False,True,False,False
2023-04-25,0.066,1.7,10840.0,0.05929552605351685,0.06327289109170534,0.06532187897750176,0.06878162314749148,0.0736517862760844,0.005508732055786142,0.01435626022256755,1,Spring,True,True,False,True,False,False
2023-04-26,0.057,0.0,8230.0,0.0535125052529039,0.057197180224445344,0.05957373953665178,0.06202653196882399,0.06518991081248014,0.004829351744378645,0.011677405559576241,1,Spring,True,False,True,True,False,False
2023-04-27,0.048,0.0,6200.0,0.05521259328760903,0.05888057582699577,0.061618628333633664,0.06345397509353506,0.06756401602701749,0.004573399266539296,0.012351422739408459,0,Spring,True,False,True,True,False,False
2023-04-28,0.051,0.0,5990.0,0.06118941947580933,0.06444072731960332,0.0669839639118943,0.06912631731669298,0.07281218125459273,0.004685589997089665,0.011622761778783394,0,Spring,True,False,True,True,False,False
2023-04-29,0.08,9.5,10070.0,0.07399458694199516,0.08173955917745396,0.08930237511224517,0.0943486929982965,0.10620743427016671,0.012609133820842541,0.03221284732817155,1,Spring,True,True,False,True,False,False
2023-04-30,0.058,0.0,5730.0,0.059126575533828656,0.06627064326339614,0.07026063808252489,0.07540100300648037,0.0829193085184295,0.009130359743084224,0.02379273298460085,0,Spring,True,False,True,True,False,False
2023-05-01,0.05,0.0,4050.0,0.060400927249416966,0.06523514373823526,0.07159384227224318,0.07610396613637113,0.08285795489926345,0.010868822398135872,0.022457027649846487,0,Spring,True,False,True,False,False,False
2023-05-02,0.064,0.0,3560.0,0.058609075994633116,0.06661657941742463,0.07292404975654584,0.07776454898229265,0.08973358342478409,0.011147969564868021,0.031124507430150973,1,Spring,True,False,True,False,False,False
2023-05-03,0.058,0.0,3790.0,0.06403504492538843,0.07103951013238126,0.07643503082750705,0.08100916696918263,0.08712325348568183,0.009969656836801372,0.023088208560293394,0,Spring,True,False,True,False,False,False
2023-05-04,0.059,0.0,3270.0,0.06356791072389478,0.0712358986877935,0.0775507830813813,0.08151128658493154,0.08916273992437629,0.010275387897138041,0.025594829200481506,0,Spring,True,False,True,False,False,False
2023-05-05,0.062,0.0,2950.0,0.06683951132531894,0.07348456921367356,0.07794194965520351,0.08397923265622606,0.09133948443344364,0.010494663442552496,0.024499973108124698,0,Spring,True,False,True,False,False,False
2023-05-06,0.111,105.7,19590.0,0.10174317018043415,0.11757724947644005,0.12901554135851978,0.13964195368754564,0.15212215160825668,0.022064704211105596,0.05037898142782253,1,Spring,True,True,False,True,True,False
2023-05-07,0.118,14.2,26870.0,0.08181328940482334,0.08892501582401678,0.0960730468937199,0.10295663015036363,0.1104604466203878,0.01403161432634685,0.02864715721556446,0,Spring,True,True,False,True,True,False
2023-05-08,0.064,0.0,15750.0,0.05204535835496265,0.05604061337735623,0.060597473295834,0.06474227559161569,0.0705843607399413,0.008701662214259456,0.018539002384978652,1,Spring,True,False,True,True,False,False
2023-05-09,0.051,0.2,12880.0,0.04383919707235436,0.0480104912189142,0.05177949630474077,0.056504403299208146,0.06147404371366561,0.008493912080293944,0.01763484664131125,1,Spring,True,True,False,True,False,False
2023-05-10,0.075,20.0,17070.0,0.06444082455840058,0.07235510565110015,0.0780560278587194,0.08249997513626578,0.09189919240207907,0.01014486948516563,0.027458367843678486,1,Spring,True,True,False,True,False,False
2023-05-11,0.081,10.1,18480.0,0.0657116657559055,0.07373983593103611,0.080631088241147,0.08567698303470465,0.09165378870579326,0.011937147103668541,0.025942122949887764,1,Spring,True,True,False,True,False,False
2023-05-12,0.058,0.1,12500.0,0.04770094167827783,0.05358764796110865,0.05851376548467466,0.06136736801456624,0.06808512535566147,0.0077797200534575894,0.020384183677383635,1,Spring,True,True,False,True,False,False
2023-05-13,0.056,0.0,10060.0,0.04123392292025934,0.045618502126316185,0.04952772742970035,0.0528387709176356,0.059521421372483625,0.007220268791319415,0.018287498452224285,1,Spring,True,False,True,True,False,False
2023-05-14,0.056,0.2,9090.0,0.04228675503870082,0.04731695512370428,0.05116424225045778,0.054161258136904866,0.059697013463122645,0.006844303013200589,0.017410258424421822,1,Spring,True,True,False,True,False,False
2023-05-15,0.051,0.0,7540.0,0.04310193446557798,0.04797447033608354,0.05174951302351409,0.054167806628508584,0.06018283644674024,0.006193336292425043,0.017080901981162258,1,Spring,True,False,True,True,False,False
2023-05-16,0.052,0.0,7380.0,0.045390695017787364,0.05094229899720211,0.053970164914303426,0.05790117952259106,0.062283878880695004,0.006958880525388948,0.01689318386290764,1,Spring,True,False,True,True,False,False
2023-05-17,0.078,4.8,9950.0,0.059629692581553775,0.0670094109602541,0.07164573852880407,0.07833214644155306,0.08422561420184085,0.01132273548129896,0.02459592162028708,1,Spring,True,True,False,True,False,False
2023-05-18,0.06,2.8,7910.0,0.05819178263696208,0.0635798019630998,0.06814332144378157,0.07207330927145225,0.07859337104687603,0.008493507308352452,0.02040158840991395,1,Spring,True,True,False,True,False,False
2023-05-19,0.055,0.0,6450.0,0.054321940323794615,0.05850291404321105,0.06304824676462972,0.06747348479139592,0.07344100424265952,0.008970570748184872,0.019119063918864906,1,Spring,True,False,True,True,False,False
2023-05-20,0.07,4.4,6880.0,0.060636764064751617,0.06668551111688804,0.07113374056711606,0.07517790333509408,0.0841261391317422,0.008492392218206038,0.023489375066990587,1,Spring,True,True,False,True,False,False
2023-05-21,0.088,10.3,10270.0,0.07877822098420352,0.08473879480208184,0.09031933533610634,0.0961905065266874,0.10456316067758047,0.01145171172460556,0.025784939693376946,1,Spring,True,True,False,True,False,False
2023-05-22,0.089,6.9,9570.0,0.07229403595674734,0.08118989144180341,0.08726443227152994,0.0933071151913279,0.09883415163147827,0.01211722374952448,0.026540115674730927,1,Spring,True,True,False,True,False,False
2023-05-23,0.082,0.0,6760.0,0.062093861812429305,0.0666809484450739,0.07081696239001828,0.07608527730684726,0.08255036516236486,0.009404328861773364,0.020456503349935554,1,Spring,True,False,True,True,False,False
2023-05-24,0.072,1.0,6380.0,0.05978128244835375,0.0656351485029151,0.07014532993123127,0.07480767901797913,0.07987152715859183,0.009172530515064031,0.020090244710238084,1,Spring,True,True,False,True,False,False
2023-05-25,0.076,14.8,6280.0,0.06774664670968507,0.07696232005956592,0.08115700994007075,0.08563993525543576,0.09603800591997609,0.008677615195869834,0.028291359210291023,1,Spring,True,True,False,True,False,False
2023-05-26,0.069,0.1,5970.0,0.056932311789219106,0.0646099274474182,0.06895472670001906,0.07346847187385705,0.07943276968714558,0.008858544426438852,0.02250045789792647,1,Spring,True,True,False,True,False,False
2023-05-27,0.1,0.0,4310.0,0.05563471051360928,0.06159616273374865,0.06544992628937799,0.06986503917835402,0.07569379589007803,0.008268876444605368,0.020059085376468756,0,Spring,True,False,True,False,False,False
2023-05-28,0.102,0.0,3860.0,0.05572177142191703,0.0627851549433646,0.06699489244781079,0.07168271358170089,0.07877318487388478,0.008897558638336286,0.023051413451967748,0,Spring,True,False,True,False,False,False
2023-05-29,0.075,0.0,3540.0,0.057198659465056784,0.06529776656835509,0.06958198693281392,0.07364723078659365,0.08146165641966796,0.008349464218238553,0.024262996954611177,1,Spring,True,False,True,False,False,False
2023-05-30,0.075,0.0,2940.0,0.057317458319336025,0.0645393850274955,0.07027258207034234,0.07511357059041437,0.07996409115147701,0.010574185562918878,0.022646632832140988,1,Spring,True,False,True,False,False,False
2023-05-31,0.08,0.0,2740.0,0.06037766254996068,0.06824632416806853,0.0732236523174821,0.0777011626753974,0.08312425472359301,0.009454838507328867,0.022746592173632334,1,Spring,True,False,True,False,False,False
2023-06-01,0.08,0.0,2810.0,0.06262276877274792,0.06940397641494331,0.0759218249378614,0.08043493008936917,0.08643886303839042,0.011030953674425859,0.023816094265642504,1,Summer,True,False,True,False,False,False
2023-06-02,0.069,0.0,2750.0,0.06582707495092707,0.07265159274668956,0.078351873709287,0.08319359548064473,0.09229447111656224,0.01054200273395517,0.026467396165635163,1,Summer,True,False,True,False,False,False
2023-06-03,0.128,26.6,10180.0,0.11313143697468445,0.11968447069775673,0.12401524708275341,0.12730905406899018,0.13373915973041542,0.007624583371233451,0.020607722755730973,1,Summer,True,True,False,True,True,False
2023-06-04,0.128,9.4,13300.0,0.12034094283416821,0.12903157246409852,0.13224003547231505,0.13565552168685627,0.14529556975762076,0.006623949222757747,0.024954626923452544,1,Summer,True,True,False,True,True,False
2023-06-05,0.069,0.0,6060.0,0.08407775707657322,0.08824516831657109,0.09225591601115829,0.09522888738647092,0.09970341343218309,0.006983719069899835,0.015625656355609863,0,Summer,True,False,True,True,False,False
2023-06-06,0.063,0.0,4890.0,0.07409024266316293,0.07878733116939851,0.08148738875114483,0.08434904281510223,0.08961948382156606,0.0055617116457037236,0.015529241158403137,0,Summer,True,False,True,True,False,False
2023-06-07,0.068,3.9,4630.0,0.07405934980930985,0.07899817345548807,0.08118603730008159,0.08435242406855775,0.08859271647170426,0.005354250613069683,0.014533366662394409,0,Summer,True,True,False,True,False,False
2023-06-08,0.082,0.9,4440.0,0.07424733791312046,0.0769238934370263,0.07935439655754237,0.0818226787192623,0.08663539946407417,0.004898785282236001,0.012388061550953705,1,Summer,True,True,False,True,False,False
2023-06-09,0.074,2.0,4160.0,0.07414775509203678,0.07808442891467746,0.08020955060261037,0.08278327739516356,0.08815306245554816,0.004698848480486101,0.014005307363511382,0,Summer,True,True,False,False,False,False
2023-06-10,0.078,0.9,4110.0,0.07453774127392056,0.07774438784861193,0.07978387298849891,0.08290191753080052,0.08749839390237953,0.005157529682188591,0.012960652628458968,1,Summer,True,True,False,False,False,False
2023-06-11,0.074,0.0,3160.0,0.07154674551930822,0.07569097809029518,0.07854892551387746,0.08255651011875018,0.0877934261020636,0.006865532028454996,0.016246680582755385,1,Summer,True,False,True,False,False,False
2023-06-12,0.074,0.0,2570.0,0.0714490188678585,0.07524065263810516,0.07899820195054957,0.08154459258993513,0.08492016137442848,0.0063039399518299705,0.013471142506569986,1,Summer,True,False,True,False,False,False
2023-06-13,0.072,0.0,3100.0,0.07179741704876907,0.0759035020078592,0.07880990802469204,0.0819932694132955,0.08599421333125383,0.0060897674054363055,0.014196796282484755,1,Summer,True,False,True,False,False,False
2023-06-14,0.078,1.1,2830.0,0.0727762889625974,0.07692642872958196,0.08004322715995743,0.0830840398407568,0.08688406084135326,0.0061576111111748405,0.014107771878755865,1,Summer,True,True,False,False,False,False
2023-06-15,0.077,0.0,3060.0,0.072866087852377,0.07730030619760225,0.07972440849673557,0.08289517026932908,0.08789223762986838,0.005594864071726824,0.01502614977749138,1,Summer,True,False,True,False,False,False
2023-06-16,0.076,3.6,3930.0,0.07820514472898597,0.08139637781002458,0.08445912554250251,0.08702112360044367,0.09270654875186037,0.005624745790419092,0.014501404022874392,0,Summer,True,True,False,False,False,False
2023-06-17,0.087,41.5,9180.0,0.1094877237910823,0.11539679996308773,0.11989893857642833,0.12415661026031709,0.13047981732454186,0.008759810297229359,0.020992093533459558,0,Summer,True,True,False,True,False,False
2023-06-18,0.116,38.8,17000.0,0.1256903138115857,0.13367918450689634,0.13890889678481244,0.14375517325885354,0.15194559931360058,0.010075988751957199,0.026255285502014863,0,Summer,True,True,False,True,True,False
2023-06-19,0.104,0.7,7520.0,0.08214443202730574,0.08750329274461845,0.09021843038558687,0.09399063232825941,0.09879515549847283,0.006487339583640964,0.016650723471167084,0,Summer,True,True,False,True,False,False
2023-06-20,0.082,0.2,4710.0,0.06791798212690471,0.07278274626288316,0.07581337134331997,0.07812396927571258,0.08365645583552546,0.005341223012829424,0.015738473708620748,1,Summer,True,True,False,True,False,False
2023-06-21,0.082,0.0,3610.0,0.06435444022352715,0.06871790550557261,0.07108219077762223,0.0731812386374397,0.07745570058564558,0.004463333131867087,0.013101260362118422,0,Summer,True,False,True,False,False,False
2023-06-22,0.132,5.1,4450.0,0.06796512458752589,0.07133506824778572,0.07311499555907708,0.07579904436941662,0.08015845647091253,0.004463976121630894,0.012193331883386643,0,Summer,True,True,False,True,True,False
2023-06-23,0.111,13.6,7160.0,0.07556544263329801,0.08116596418590523,0.08368271965227007,0.08740675208589294,0.09152314772734378,0.006240787899987707,0.015957705094045774,0,Summer,True,True,False,True,True,False
2023-06-24,0.13,13.6,12310.0,0.09706994315764857,0.10221703071612748,0.10563735142229466,0.11043222429077271,0.11557035755617985,0.00821519357464523,0.018500414398531284,0,Summer,True,True,False,True,True,False
2023-06-25,0.08,0.7,6260.0,0.07395155600605761,0.07908567358520277,0.08177317767445233,0.08517704346802446,0.08917877289788154,0.00609136988282169,0.015227216891823922,1,Summer,True,True,False,True,False,False
2023-06-26,0.077,2.7,5340.0,0.06944026865430117,0.07308524023560165,0.07564805981351559,0.07959619480316413,0.08339206425430379,0.0065109545675624825,0.01395179560000262,1,Summer,True,True,False,True,False,False
2023-06-27,0.074,0.4,4460.0,0.06631530961393116,0.07012824953095395,0.07322589019811832,0.07634251824428964,0.08168644006666456,0.006214268713335691,0.015371130452733403,1,Summer,True,True,False,True,False,False
2023-06-28,0.078,0.0,3660.0,0.0644855867160657,0.06817771761081315,0.07120579301367522,0.07462184475474554,0.07896422877263774,0.006444127143932388,0.014478642056572039,1,Summer,True,False,True,False,False,False
2023-06-29,0.074,0.0,2690.0,0.06322405171957977,0.06813177539509033,0.07306478761590737,0.07814656323712038,0.08484916427685142,0.010014787842030054,0.021625112557271647,1,Summer,True,False,True,False,False,False
2023-06-30,0.069,0.0,2840.0,0.06278597696298431,0.07033197580851099,0.0757100516882036,0.08033950363047704,0.08730587826247509,0.010007527821966053,0.024519901299490776,1,Summer,True,False,True,False,False,False
2023-07-01,0.064,10.6,2600.0,0.06832953433118505,0.07402523936212278,0.08053088500366096,0.08557765805718148,0.09177071742829057,0.0115524186950587,0.023441183097105522,0,Summer,True,True,False,False,False,False
2023-07-02,0.07,0.0,2370.0,0.06365615987990682,0.07048665802709364,0.0755694995075426,0.08011284532652466,0.08780227396456787,0.009626187299431016,0.024146114084661052,1,Summer,True,False,True,False,False,False
2023-07-03,0.075,1.0,2220.0,0.06334836040797276,0.07171078068510263,0.07798125910689567,0.08268197751876534,0.08961366021863902,0.01097119683366271,0.026265299810666262,1,Summer,True,True,False,False,False,False
2023-07-04,0.082,0.0,2070.0,0.06486575602849172,0.07302069654322098,0.07765901920078122,0.08376605066524913,0.0922284549089266,0.01074535412202815,0.027362698880434883,1,Summer,True,False,True,False,False,False
2023-07-05,0.073,0.0,2270.0,0.06682336295440966,0.07262393579876292,0.07797898109714413,0.0850738092231395,0.09188390782180827,0.012449873424376576,0.025060544867398615,1,Summer,True,False,True,False,False,False
2023-07-06,0.068,0.0,1690.0,0.06767045659139706,0.07438974659905026,0.08004558282016969,0.0839582485714415,0.09041358549082158,0.009568501972391244,0.022743128899424522,1,Summer,True,False,True,False,False,False
2023-07-07,0.065,0.0,1370.0,0.06770845691601411,0.07391099941305702,0.08015678935829881,0.08458295400697467,0.09104466227516021,0.010671954593917649,0.0233362053591461,0,Summer,True,False,True,False,False,False
2023-07-08,0.065,0.0,1480.0,0.0698019127132185,0.07690446637868883,0.08113396148069085,0.08822809624519032,0.09451898659313084,0.011323629866501483,0.02471707387991233,0,Summer,True,False,True,False,False,False
2023-07-09,0.065,0.0,1150.0,0.06843280774236056,0.07578757243145696,0.08256554262697788,0.08699012090968276,0.09497793284039252,0.011202548478225799,0.02654512509803196,0,Summer,True,False,True,False,False,False
2023-07-10,0.07,0.0,1330.0,0.06921402242720807,0.07864631753683307,0.08251048665884612,0.08704720113935999,0.09671269252693018,0.008400883602526915,0.02749867009972211,1,Summer,True,False,True,False,False,False
2023-07-11,0.069,0.0,870.0,0.07185703083658207,0.08023135093394858,0.08457791461984633,0.09134663244544634,0.09782314226955138,0.011115281511497765,0.025966111432969313,0,Summer,True,False,True,False,False,False
2023-07-12,0.078,0.0,930.0,0.07485172917352158,0.08262622590166084,0.08569787293565584,0.0900406346765553,0.09924985927753241,0.007414408774894465,0.02439813010401083,1,Summer,True,False,True,False,False,False
2023-07-13,0.069,0.0,640.0,0.07331514636389024,0.07878278846913118,0.08597546637543153,0.09025889277638517,0.09568485788014391,0.011476104307253987,0.02236971151625368,0,Summer,True,False,True,False,False,False
2023-07-14,0.076,0.0,480.0,0.07626999560667538,0.0839360822505841,0.08805202052839706,0.09299011834423299,0.09843454769951455,0.009054036093648882,0.02216455209283917,0,Summer,True,False,True,False,False,False
2023-07-15,0.093,0.7,640.0,0.07672467803944107,0.0822789943077891,0.0874729556148473,0.09370713774698808,0.10403924267122378,0.011428143439198984,0.02731456463178271,1,Summer,True,True,False,False,False,True
2023-07-16,0.153,21.3,6690.0,0.1008193677738717,0.10927511449275124,0.11719271408210322,0.12445255346360544,0.13753030583507916,0.015177438970854204,0.03671093806120747,0,Summer,True,True,False,True,True,False
2023-07-17,0.15,0.0,7450.0,0.1005348868313858,0.1085886861632777,0.1135556114317229,0.12182878851182627,0.1313026419951765,0.013240102348548569,0.030767755163790697,0,Summer,True,False,True,True,True,False
2023-07-18,0.092,11.5,3500.0,0.08729955380017229,0.09631661543340712,0.10144421685961952,0.10950411488230383,0.11747845581848668,0.013187499448896703,0.030178902018314385,1,Summer,True,True,False,False,False,False
2023-07-19,0.086,1.6,5110.0,0.0877258042185621,0.09716313106789969,0.10289972916587363,0.10724082158375481,0.11953221363833644,0.010077690515855123,0.031806409419774334,0,Summer,True,True,False,True,False,False
2023-07-20,0.126,0.2,3410.0,0.0833272818037188,0.09247369010225506,0.09782077308812734,0.10226570373726951,0.11274177371330726,0.009792013635014446,0.02941449190958846,0,Summer,True,True,False,False,True,False
2023-07-21,0.106,0.0,2040.0,0.07998747618057438,0.08712115486972441,0.09093936435332389,0.09864082567959293,0.10808837256523268,0.011519670809868515,0.028100896384658305,1,Summer,True,False,True,False,False,False
2023-07-22,0.086,0.0,1670.0,0.08167832522418718,0.08707457334093173,0.09204970588100653,0.0989023655363962,0.10653188550988253,0.011827792195464468,0.024853560285695353,1,Summer,True,False,True,False,False,False
2023-07-23,0.088,0.0,1250.0,0.07831984037707658,0.08401084990234478,0.09145049096017868,0.09853535875920667,0.10869297758627093,0.014524508856861892,0.03037313720919435,1,Summer,True,False,True,False,False,False
2023-07-24,0.086,0.0,1140.0,0.07674125684323672,0.08501769373647008,0.09355564551036857,0.09819759970685447,0.10453969098753957,0.01317990597038439,0.027798434144302844,1,Summer,True,False,True,False,False,False
2023-07-25,0.072,0.0,970.0,0.07573870696960915,0.08429633074347999,0.09056621695441555,0.09811740071318077,0.10654794179282497,0.013821069969700783,0.03080923482321582,0,Summer,True,False,True,False,False,False
2023-07-26,0.082,0.0,630.0,0.07909101877502465,0.08639630374663203,0.09170323371692933,0.09733368763883563,0.10725993442419299,0.010937383892203598,0.028168915649168333,1,Summer,True,False,True,False,False,True
2023-07-27,0.1,0.0,360.0,0.07930029204293176,0.08543579540018593,0.09146993751337953,0.09589225210261748,0.10347124445476089,0.010456456702431546,0.024170952411829122,1,Summer,True,False,True,False,False,True
2023-07-28,0.08,0.0,640.0,0.07854133837519639,0.0871764346984322,0.09239900633582857,0.09804006505218048,0.10520708764480613,0.01086363035374828,0.02666574926960974,1,Summer,True,False,True,False,False,False
2023-07-29,0.095,0.0,600.0,0.0814568680952908,0.08959135997002031,0.0935800393854235,0.09913184533698807,0.10893243258170471,0.009540485366967763,0.027475564486413903,1,Summer,True,False,True,False,False,True
2023-07-30,0.111,28.0,2920.0,0.09386717185730455,0.10283586681777776,0.10787587037949134,0.11536501217173017,0.12905225470890833,0.012529145353952414,0.03518508285160378,1,Summer,True,True,False,False,True,False
2023-07-31,0.109,0.0,1990.0,0.08390052186790133,0.0908873065135335,0.09636767949258779,0.1022279361125637,0.11300745893201992,0.011340629599030205,0.0291069370641186,1,Summer,True,False,True,False,True,False
2023-08-01,0.103,6.5,2335.0,0.08512244880350024,0.09384149450908472,0.10097430798024404,0.10745930134838015,0.11919502104220353,0.013617806839295435,0.03407257223870329,1,Summer,True,True,False,False,False,False
2023-08-02,0.096,0.0,2335.0,0.08039663651719244,0.0944065023331128,0.09867888631280336,0.10475522745959899,0.11196504956562492,0.010348725126486186,0.031568413048432484,1,Summer,True,False,True,False,False,False
2023-08-03,0.088,0.0,1130.0,0.0827142420474149,0.08888665485085459,0.09127634737369117,0.09521625264140166,0.09887462489387891,0.006329597790547065,0.01616038284646401,1,Summer,True,False,True,False,False,False
2023-08-04,0.077,0.0,430.0,0.07964998350624555,0.0844095571007186,0.0875188781740093,0.09068954175666524,0.09485208248387295,0.0062799846559466466,0.015202098977627393,0,Summer,True,False,True,False,False,False
2023-08-05,0.09,0.0,450.0,0.07869076758093854,0.08332429214285737,0.0854703427589446,0.09008040722217128,0.09304639337629884,0.00675611507931391,0.014355625795360302,1,Summer,True,False,True,False,False,True
2023-08-06,0.081,0.0,260.0,0.07823221167504292,0.08233563191312615,0.0844206568335259,0.08801257490777216,0.0929098713573153,0.005676942994646009,0.014677659682272373,1,Summer,True,False,True,False,False,False
2023-08-07,0.07,0.0,190.0,0.07759262165011485,0.08138691972825701,0.08457583661525203,0.08736376496482007,0.0914904120579278,0.005976845236563055,0.013897790407812943,0,Summer,True,False,True,False,False,False
2023-08-08,0.08,0.0,600.0,0.07729620287298652,0.08056460223221172,0.08440227450584603,0.08721282104057922,0.09305556350667381,0.006648218808367495,0.015759360633687283,1,Summer,True,False,True,False,False,False
2023-08-09,0.078,0.4,360.0,0.07624990541722942,0.0806795352221925,0.08349219394072312,0.08705667656294766,0.09144160133142794,0.006377141340755163,0.015191695914198514,1,Summer,True,True,False,False,False,False
2023-08-10,0.114,32.3,4340.0,0.10212160002312759,0.10728722602633996,0.11311406778168229,0.11638386046925821,0.12220940687269355,0.00909663444291825,0.02008780684956596,1,Summer,True,True,False,True,True,False
2023-08-11,0.144,0.5,4240.0,0.0883937205520191,0.09338265640245359,0.09716779217413618,0.10100323013164211,0.10699505399832232,0.007620573729188521,0.018601333446303214,0,Summer,True,True,False,False,True,False
2023-08-12,0.109,13.3,7380.0,0.10786103751321134,0.11319023780665413,0.1168191051514268,0.12025527646043593,0.12547231417482732,0.007065038653781802,0.01761127666161598,1,Summer,True,True,False,True,True,False
2023-08-13,0.133,13.0,6820.0,0.10446381905656202,0.11079128302417726,0.11452146451103962,0.11888441344735245,0.12329058554066007,0.008093130423175193,0.018826766484098048,0,Summer,True,True,False,True,True,False
2023-08-14,0.084,4.1,5540.0,0.09422799194374916,0.09816280971421765,0.10236594882657947,0.10670697654609551,0.11155936012324327,0.008544166831877864,0.017331368179494114,0,Summer,True,True,False,True,False,False
2023-08-15,0.08,3.8,3480.0,0.08521487393769396,0.08887430195178238,0.09300939668900207,0.09670938089303191,0.10202370375453713,0.007835078941249532,0.016808829816843174,0,Summer,True,True,False,False,False,False
2023-08-16,0.08,2.7,2300.0,0.07917285677196054,0.08352029704424027,0.08745808164726307,0.09081522546212512,0.09537407760670506,0.007294928417884844,0.016201220834744526,1,Summer,True,True,False,False,False,False
2023-08-17,0.083,0.6,1400.0,0.07491819577991765,0.07908901167650419,0.08272430992307576,0.08603035527974921,0.09001770169415448,0.006941343603245026,0.015099505914236824,1,Summer,True,True,False,False,False,False
2023-08-18,0.089,0.0,1000.0,0.07311087980847085,0.07691669469562684,0.08060565886891669,0.08372911932733357,0.08798415609181036,0.006812424631706726,0.01487327628333951,0,Summer,True,False,True,False,False,False
2023-08-19,0.082,1.5,980.0,0.07293383538204215,0.07680418370894498,0.08029275908659682,0.08369558566849475,0.08682731752190088,0.006891401959549764,0.013893482139858734,1,Summer,True,True,False,False,False,True
2023-08-20,0.116,28.7,3030.0,0.08856760785286005,0.09481324412300017,0.09837205188448803,0.10253278755431616,0.10548413055251497,0.007719543431315992,0.01691652269965492,0,Summer,True,True,False,False,True,False
2023-08-21,0.091,0.1,2340.0,0.07718588492578515,0.08180784575313987,0.08482344968212469,0.08823888190462917,0.0920243669828481,0.006431036151489294,0.014838482057062952,1,Summer,True,True,False,False,False,False
2023-08-22,0.088,5.6,3000.0,0.08018907374308717,0.08433312444333721,0.08743703875929557,0.09045593374744473,0.09430303489028159,0.006122809304107524,0.014113961147194418,1,Summer,True,True,False,False,False,False
2023-08-23,0.08,30.4,2670.0,0.0851273612665194,0.09080022296674076,0.09454933644761904,0.09807899087524205,0.10398791862114322,0.0072787679085012935,0.018860557354623816,0,Summer,True,True,False,False,False,False
2023-08-24,0.078,2.2,2610.0,0.07590170503492323,0.0801093895550925,0.08422451443968812,0.08677641241003688,0.09213292490755934,0.006667022854944374,0.016231219872636107,1,Summer,True,True,False,False,False,False
2023-08-25,0.07,0.0,1770.0,0.06994302649382933,0.0750189351276767,0.07747943180475664,0.08100397684637861,0.08530258816920894,0.005985041718701914,0.015359561675379607,1,Summer,True,False,True,False,False,False
2023-08-26,0.064,0.1,1580.0,0.06838089872811995,0.07295777355370052,0.07595259664008375,0.08014272462863051,0.0843013491220198,0.007184951074929988,0.015920450393899846,0,Summer,True,True,False,False,False,False
2023-08-27,0.093,36.7,4300.0,0.08818788807141155,0.0944081567423844,0.09895842116459504,0.10329580924129433,0.10795389643851519,0.008887652498909937,0.01976600836710364,1,Summer,True,True,False,False,False,False
2023-08-28,0.145,27.3,10310.0,0.10522502543363799,0.11119082557422669,0.11710044059819424,0.12152102921591187,0.1299800661593509,0.010330203641685187,0.024755040725712912,0,Summer,True,True,False,True,True,False
2023-08-29,0.148,27.5,16730.0,0.11769308882499661,0.12457829726555586,0.12803831544894045,0.13302699743381505,0.14397660622273045,0.008448700168259188,0.026283517397733838,0,Summer,True,True,False,True,True,False
2023-08-30,0.079,0.0,4300.0,0.07701831497492444,0.07944314544555031,0.08300309138161929,0.08655592656796654,0.09242678658353884,0.0071127811224162285,0.015408471608614402,1,Summer,True,False,True,False,False,False
2023-08-31,0.065,0.2,2880.0,0.0646466915767817,0.06760762591722293,0.07030148257741237,0.07352724196262415,0.07817516133268049,0.005919616045401227,0.01352846975589879,1,Summer,True,True,False,False,False,False
2023-09-01,0.064,2.3,3000.0,0.06134237193635101,0.06492034609869948,0.06787798814412054,0.07076443461225053,0.07683417224063421,0.005844088513551046,0.015491800304283203,1,Autumn,True,True,False,False,False,False
2023-09-02,0.063,0.0,2260.0,0.058318361226354046,0.06194974310579246,0.0642394127387702,0.06684574302735258,0.07237317077855593,0.004895999921560118,0.014054809552201883,1,Autumn,True,False,True,False,False,False
2023-09-03,0.065,0.0,1730.0,0.05586889230594491,0.05946948077775678,0.06215463308776638,0.06447775386418853,0.06932587429654495,0.005008273086431744,0.01345698199060004,1,Autumn,True,False,True,False,False,False
2023-09-04,0.064,0.0,1120.0,0.054843729409893544,0.058093610050052466,0.060288242146388615,0.06350486297024228,0.06833806095363738,0.0054112529201898185,0.01349433154374384,1,Autumn,True,False,True,False,False,False
2023-09-05,0.062,5.3,1660.0,0.05954821424904754,0.06206562067066453,0.06447936419781282,0.06729263453325057,0.07175143274780768,0.00522701386258604,0.01220321849876014,1,Autumn,True,True,False,False,False,False
2023-09-06,0.087,14.3,4310.0,0.07622026886641083,0.08091840321813422,0.08278333417649739,0.0856346901685457,0.08975804747597928,0.004716286950411486,0.013537778609568452,1,Autumn,True,True,False,False,False,False
2023-09-07,0.095,4.7,4500.0,0.07417484109901025,0.07814624353588784,0.08030949968479706,0.08373752394241125,0.08782634169684511,0.005591280406523416,0.013651500597834862,0,Autumn,True,True,False,True,False,False
2023-09-08,0.079,6.1,2840.0,0.06891433565398039,0.07280109188881508,0.07520148319254352,0.07765819930516185,0.08181506884719987,0.004857107416346776,0.01290073319321948,1,Autumn,True,True,False,False,False,False
2023-09-09,0.073,0.0,1950.0,0.059734131038226626,0.06337197014437372,0.06610339264485607,0.0690629107850537,0.07412671160423626,0.005690940640679973,0.01439258056600963,1,Autumn,True,False,True,False,False,False
2023-09-10,0.072,4.8,2270.0,0.06289352017204246,0.06670825831307166,0.06969475115178284,0.07365172898546722,0.07691330538654627,0.006943470672395563,0.01401978521450381,1,Autumn,True,True,False,False,False,False
2023-09-11,0.069,0.0,1540.0,0.058223633745156364,0.0612463671959705,0.06436571536108575,0.06723841983957421,0.07200955440568856,0.00599205264360371,0.013785920660532192,1,Autumn,True,False,True,False,False,False
2023-09-12,0.067,0.0,1520.0,0.0565055848538141,0.060615167060839394,0.06328238561839408,0.06591036497998772,0.07037482798020195,0.0052951979191483214,0.013869243126387848,1,Autumn,True,False,True,False,False,False
2023-09-13,0.072,4.6,3430.0,0.0684035780652008,0.07257955204055735,0.07690382244346483,0.0800648348093933,0.08305437918197706,0.007485282768835949,0.01465080111677626,1,Autumn,True,True,False,False,False,False
2023-09-14,0.179,28.5,17540.0,0.14957089673150928,0.1565120604076604,0.1633558329070901,0.16942629357386324,0.17653784003488765,0.012914233166202826,0.02696694330337837,0,Autumn,True,True,False,True,True,False
2023-09-15,0.157,34.4,27520.0,0.14545537407487102,0.1583583288306175,0.16432821366145506,0.17184441311730003,0.18120516809638149,0.01348608428668252,0.03574979402151046,1,Autumn,True,True,False,True,True,False
2023-09-16,0.09,0.1,9590.0,0.09993626312753913,0.1052829110759061,0.10964492916379219,0.1131600310616572,0.11834569273468948,0.007877119985751108,0.01840942960715035,0,Autumn,True,True,False,True,False,False
2023-09-17,0.068,0.0,7180.0,0.0806413820123287,0.0856292788233268,0.09001290803686976,0.09244139053957744,0.09819964325200535,0.006812111716250638,0.017558261239676645,0,Autumn,True,False,True,True,False,False
2023-09-18,0.062,0.0,5270.0,0.07054716825414342,0.07408308510484504,0.07715980019053104,0.08013335079557415,0.08512343914161166,0.006050265690729112,0.01457627088746824,0,Autumn,True,False,True,True,False,False
2023-09-19,0.061,0.0,3410.0,0.06072945628540227,0.06486768926818368,0.06712203549856162,0.07030928661169861,0.0747204301083629,0.005441597343514931,0.013990973822960634,1,Autumn,True,False,True,False,False,False
2023-09-20,0.064,0.0,2790.0,0.058466783803081276,0.061778204180350155,0.06464221458746805,0.06631387429725977,0.0705217243803077,0.0045356701169096125,0.01205494057722642,1,Autumn,True,False,True,False,False,False
2023-09-21,0.064,0.0,2210.0,0.05486678053769303,0.05972660940436839,0.06194916065787977,0.06471712346506764,0.06828277445478635,0.004990514060699246,0.013415993917093319,1,Autumn,True,False,True,False,False,False
2023-09-22,0.062,0.0,1780.0,0.05371105244242219,0.05867784709404928,0.06072716586810899,0.06272296939495461,0.06687271110908073,0.004045122300905334,0.01316165866665854,1,Autumn,True,False,True,False,False,False
2023-09-23,0.059,0.0,1800.0,0.054421781105063086,0.05880121812971272,0.06063834537843798,0.06421314894532676,0.0690479476647993,0.005411930815614037,0.014626166559736212,1,Autumn,True,False,True,False,False,False
2023-09-24,0.062,0.0,1740.0,0.056095183968948456,0.05973550785250352,0.06215425783641511,0.06481519345403927,0.06939139369927942,0.005079685601535752,0.013296209730330966,1,Autumn,True,False,True,False,False,False
2023-09-25,0.073,22.2,1170.0,0.07313419638089214,0.07817432064777298,0.08085604004787914,0.08349490893099354,0.0886898687883253,0.005320588283220559,0.015555672407433163,0,Autumn,True,True,False,False,False,False
2023-09-26,0.073,0.0,2510.0,0.06305376218167201,0.06611281970599239,0.06842614171893813,0.07190109810799467,0.07538129027759177,0.005788278402002273,0.012327528095919763,1,Autumn,True,False,True,False,False,False
2023-09-27,0.067,0.3,1860.0,0.05828322971453948,0.0625194672222357,0.06525853911981792,0.0673247748598117,0.07037279395576082,0.004805307637576001,0.012089564241221339,1,Autumn,True,True,False,False,False,False
2023-09-28,0.074,0.6,2600.0,0.060980524839552706,0.06706180199113129,0.06899879812126712,0.07221648568679517,0.07652867512540762,0.005154683695663881,0.015548150285854913,1,Autumn,True,True,False,False,False,False
2023-09-29,0.084,14.6,2700.0,0.07994416505486397,0.08447081825104948,0.08749286088833874,0.09085669138656641,0.09556180029981325,0.006385873135516931,0.015617635244949274,1,Autumn,True,True,False,False,False,False
2023-09-30,0.066,0.0,1540.0,0.06156889478395192,0.06447121881127492,0.06764697056486257,0.0700713634964447,0.07450514480572906,0.005600144685169783,0.012936250021777139,1,Autumn,True,False,True,False,False,False
2023-10-01,0.065,0.0,1570.0,0.05145309041610246,0.05583336751521028,0.05833380073308687,0.061101208516629854,0.06425324884525355,0.005267841001419575,0.012800158429151089,0,Autumn,True,False,True,False,False,False
2023-10-02,0.067,0.0,1210.0,0.04767009047399801,0.05179204669796773,0.0538269532934854,0.05651708400697042,0.060189616560197855,0.004725037309002693,0.012519526086199842,0,Autumn,True,False,True,False,False,False
2023-10-03,0.063,0.0,1490.0,0.0485654757710576,0.05208893684016221,0.05440788385469972,0.05728364805495357,0.05943670658773475,0.005194711214791356,0.010871230816677152,0,Autumn,True,False,True,False,False,False
2023-10-04,0.063,0.0,1690.0,0.04879042810117341,0.052198421001261534,0.055132963713897365,0.05805142915823347,0.061443239705280955,0.005853008156971935,0.012652811604107549,0,Autumn,True,False,True,False,False,False
2023-10-05,0.062,0.0,1430.0,0.04834554799607967,0.05079460203594359,0.054484936073343475,0.05698517556938662,0.06122627585348787,0.006190573533443031,0.012880727857408195,0,Autumn,True,False,True,False,False,False
2023-10-06,0.058,1.0,1280.0,0.048925501313411175,0.05174589526434588,0.05516579728224437,0.05722313425037498,0.06135017929531618,0.005477238986029101,0.012424677981905004,1,Autumn,True,True,False,False,False,False
2023-10-07,0.067,3.3,2050.0,0.05690496217900525,0.06043363390753511,0.0641402327827664,0.06602724557618242,0.07026724158563548,0.0055936116686473095,0.013362279406630227,1,Autumn,True,True,False,False,False,False
2023-10-08,0.07,5.8,2630.0,0.06718985177574927,0.07089445904130101,0.07351671495853837,0.07653931384199389,0.08037372955830045,0.005644854800692878,0.013183877782551187,1,Autumn,True,True,False,False,False,False
2023-10-09,0.062,2.5,3000.0,0.06444386330602922,0.0692395582050103,0.0717344387626184,0.0756592391326831,0.07980214227141717,0.006419680927672811,0.015358278965387953,0,Autumn,True,True,False,False,False,False
2023-10-10,0.07,3.2,3030.0,0.06580393298650875,0.07016800503202857,0.07380392568526847,0.07608682199132681,0.08172581876581231,0.005918816959298245,0.015921885779303563,1,Autumn,True,True,False,False,False,False
2023-10-11,0.056,0.1,2270.0,0.05611929481408572,0.06065032689980228,0.06325513040264004,0.06529813649793519,0.06943465689651751,0.004647809598132907,0.013315362082431788,0,Autumn,True,True,False,False,False,False
2023-10-12,0.053,0.0,2220.0,0.05384272361902265,0.057990367702139264,0.06060971130119304,0.06308531699018347,0.06686003851545773,0.005094949288044201,0.013017314896435081,0,Autumn,True,False,True,False,False,False
2023-10-13,0.052,0.0,2020.0,0.05205058615814553,0.05645080870993108,0.05906432994800134,0.06139845989001644,0.06570722075800307,0.004947651180085361,0.013656634599857546,0,Autumn,True,False,True,False,False,False
2023-10-14,0.05,0.0,1760.0,0.0494880609457061,0.05399433245707068,0.05684064848263207,0.05899460329374617,0.062085153475374875,0.005000270836675494,0.012597092529668778,1,Autumn,True,False,True,False,False,False
2023-10-15,0.051,0.0,1600.0,0.04842320601130451,0.052452991483595224,0.054857656211654046,0.05764333269528909,0.06106114254655933,0.005190341211693865,0.012637936535254822,1,Autumn,True,False,True,False,False,False
2023-10-16,0.049,0.0,1110.0,0.04531462727619728,0.04843644705199454,0.05142058180084309,0.053636019082890674,0.056930245245206526,0.005199572030896132,0.01161561796900925,1,Autumn,True,False,True,False,False,False
2023-10-17,0.052,0.0,1210.0,0.04442055742590072,0.04876137493674493,0.051458001241927884,0.05399671994367338,0.0580293401741661,0.005235345006928453,0.01360878274826538,1,Autumn,True,False,True,False,False,False
2023-10-18,0.053,0.0,2250.0,0.05161532667006385,0.05651196883307395,0.05963850522033112,0.062000033924407345,0.06472874183551543,0.0054880650913333925,0.01311341516545158,1,Autumn,True,False,True,False,False,False
2023-10-19,0.053,3.2,2950.0,0.0666048490729203,0.07213735372181573,0.074308263524889,0.07746158789293003,0.08259200213914485,0.0053242341711143,0.015987153066224544,0,Autumn,True,True,False,False,False,False
2023-10-20,0.07,6.2,2870.0,0.07571910254174322,0.08093138107328954,0.08338259272987827,0.08631332061431256,0.09088207189874907,0.00538193954102302,0.015162969357005854,0,Autumn,True,True,False,False,False,False
2023-10-21,0.061,0.9,1920.0,0.05867916924534306,0.06154721709002635,0.0649605185495006,0.06810196790954537,0.07145439115072953,0.00655475081951902,0.01277522190538647,1,Autumn,True,True,False,False,False,False
2023-10-22,0.054,0.0,1670.0,0.05142016539561095,0.0541934766416729,0.05673716543608359,0.06053267209417443,0.0636942986713024,0.006339195452501528,0.012274133275691448,1,Autumn,True,False,True,False,False,False
2023-10-23,0.05,0.0,1170.0,0.04631707480559883,0.049146663738283976,0.05212456056118928,0.054969608215794205,0.0584109081539404,0.005822944477510229,0.01209383334834157,1,Autumn,True,False,True,False,False,False
2023-10-24,0.05,0.0,1330.0,0.046504842167852584,0.04945279964908475,0.05214204223219854,0.05474923836166826,0.059065392950188166,0.0052964387125835136,0.012560550782335582,1,Autumn,True,False,True,False,False,False
2023-10-25,0.05,0.0,1180.0,0.04501843192372978,0.04830923894532174,0.050420436723211434,0.05364039289602593,0.05746859842074096,0.005331153950704187,0.01245016649701118,1,Autumn,True,False,True,False,False,False
2023-10-26,0.045,0.0,1420.0,0.04632952701301006,0.04969811226265386,0.05143272492078492,0.0543783481779225,0.058876485886329336,0.0046802359152686435,0.012546958873319275,0,Autumn,True,False,True,False,False,False
2023-10-27,0.102,17.4,3820.0,0.1005984992143155,0.10291806250479275,0.10715377610123589,0.10962568903876843,0.11432123417279758,0.006707626533975677,0.013722734958482072,1,Autumn,True,True,False,False,False,False
2023-10-28,0.074,0.6,1860.0,0.06051468632286048,0.06442633410641219,0.06655053310884557,0.06930784731837322,0.07228072912346689,0.004881513211961036,0.011766042800606412,0,Autumn,True,True,False,False,False,False
2023-10-29,0.061,0.0,2050.0,0.052263898794710974,0.05583546202075552,0.057892461681521845,0.060459904446648824,0.06324312969445944,0.004624442425893306,0.01097923089974847,1,Autumn,True,False,True,False,False,False
2023-10-30,0.059,0.0,1300.0,0.0457989364929798,0.048198574187735946,0.05094015380914718,0.05343142487416273,0.05751356047084397,0.005232850686426788,0.011714623977864172,0,Autumn,True,False,True,False,False,False
2023-10-31,0.068,0.0,1000.0,0.042158656128521856,0.04510517593811303,0.04769814496782111,0.049575030120932756,0.05336301844588963,0.004469854182819727,0.011204362317367773,0,Autumn,True,False,True,False,False,False
2023-11-01,0.066,0.0,1600.0,0.04738128032506692,0.05125308166697898,0.053825912498922435,0.05610536322654001,0.05977873411512262,0.004852281559561029,0.012397453790055697,0,Autumn,True,False,True,False,False,False
2023-11-02,0.059,0.0,1500.0,0.04790963460756176,0.05205606206530368,0.05440859766354028,0.05674904625720369,0.060404503600207826,0.004692984191900014,0.012494868992646069,1,Autumn,True,False,True,False,False,False
2023-11-03,0.065,0.0,1040.0,0.04584398210126303,0.049074700279637944,0.051572079632032725,0.054473546013803685,0.05687293525080539,0.005398845734165741,0.011028953149542359,0,Autumn,True,False,True,False,False,False
2023-11-04,0.067,0.0,1290.0,0.04743190058052871,0.050809726033437454,0.052957205677634726,0.05601506425587191,0.05946430979755208,0.005205338222434457,0.012032409217023372,0,Autumn,True,False,True,False,False,False
2023-11-05,0.057,0.0,1060.0,0.04536574493733038,0.04915776591340462,0.05179362727119741,0.053932397701667315,0.057300348603216165,0.004774631788262693,0.011934603665885786,1,Autumn,True,False,True,False,False,False
2023-11-06,0.064,0.0,920.0,0.04356804588341632,0.0474317882003816,0.049782727080104026,0.05230962119479155,0.05601458873682494,0.004877832994409949,0.01244654285340862,0,Autumn,True,False,True,False,False,False
2023-11-07,0.056,0.0,650.0,0.04157692622577075,0.0458331649627301,0.048021914331590004,0.050315816399580694,0.05399704910548908,0.004482651436850595,0.012420122879718332,0,Autumn,True,False,True,False,False,False
2023-11-08,0.115,13.3,3140.0,0.09035915589684274,0.09836035643339086,0.10183804834433674,0.10455634197524352,0.11038137930074032,0.006195985541852661,0.020022223403897588,0,Autumn,True,True,False,False,True,False
2023-11-09,0.067,0.0,1480.0,0.05859629734770425,0.0612576001668816,0.06496282868981261,0.06750461599908865,0.07054033132878569,0.006247015832207048,0.011944033981081438,1,Autumn,True,False,True,False,False,False
2023-11-10,0.147,40.8,17220.0,0.14945081528925777,0.157662387144693,0.16374755337210073,0.17355814831991337,0.18290594777625735,0.015895761175220374,0.03345513248699958,0,Autumn,True,True,False,True,True,False
2023-11-11,0.124,0.2,5300.0,0.08879515343364537,0.09242962678235811,0.09556494017891858,0.10013909827997304,0.10381580780193778,0.007709471497614931,0.015020654368292405,0,Autumn,True,True,False,True,True,False
2023-11-12,0.075,2.2,2780.0,0.0641402878808575,0.06673429128519817,0.06990206517889676,0.07305094221686337,0.07862323117492745,0.006316650931665196,0.014482943294069947,1,Autumn,True,True,False,False,False,False
2023-11-13,0.057,0.4,1980.0,0.05112157451855178,0.054278512762418976,0.05690129575324751,0.05905923216930151,0.06265648035444216,0.00478071940688253,0.011534905835890376,1,Autumn,True,True,False,False,False,False
2023-11-14,0.054,1.2,2290.0,0.05166641855047903,0.056166739307132604,0.05913768231512542,0.06163812552969705,0.06565263594184176,0.005471386222564448,0.013986217391362729,1,Autumn,True,True,False,False,False,False
2023-11-15,0.053,0.8,2530.0,0.05432529392503842,0.05907696838525331,0.06137100043406918,0.0643882284255503,0.06738407545408621,0.005311260040296986,0.013058781529047797,0,Autumn,True,True,False,False,False,False
2023-11-16,0.054,1.4,2380.0,0.05621769453860241,0.06075987789510505,0.06293730274896428,0.06649523832655788,0.07034582095207181,0.005735360431452827,0.014128126413469402,0,Autumn,True,True,False,False,False,False
2023-11-17,0.047,0.0,1920.0,0.05144538225729019,0.05551139617822846,0.05827777850046595,0.06084339157251183,0.06455021225921494,0.005331995394283376,0.01310483000192475,0,Autumn,True,False,True,False,False,False
2023-11-18,0.055,0.0,1400.0,0.04796700955987731,0.05042373176318109,0.05424183077589718,0.056203766607881026,0.060755375544164,0.005780034844699938,0.01278836598428669,1,Autumn,True,False,True,False,False,False
2023-11-19,0.046,0.0,1420.0,0.047962563186913505,0.051279325776572564,0.05320813700842085,0.05620549923303211,0.05974374952208007,0.004926173456459543,0.011781186335166567,0,Autumn,True,False,True,False,False,False
2023-11-20,0.071,0.0,1370.0,0.0470659518905628,0.05103656731969124,0.05341043990776575,0.05621500224106056,0.05980496243572827,0.005178434921369324,0.01273901054516547,0,Autumn,True,False,True,False,False,False
2023-11-21,0.072,0.0,1200.0,0.04592133733259241,0.050566956166569824,0.05325145138689445,0.05622228913504415,0.05932448581921914,0.0056553329684743275,0.013403148486626729,0,Autumn,True,False,True,False,False,False
2023-11-22,0.085,0.0,1090.0,0.04688312873708077,0.049647239561911645,0.05201460422193106,0.05548959521397068,0.05962960271402079,0.005842355652059032,0.012746473976940023,0,Autumn,True,False,True,False,False,False
2023-11-23,0.059,0.0,1350.0,0.04867094860848673,0.05265167768918053,0.05506264382105979,0.057970811612798184,0.061134080345385894,0.005319133923617651,0.012463131736899162,1,Autumn,True,False,True,False,False,False
2023-11-24,0.065,0.0,1190.0,0.04800995935126652,0.05198264891095464,0.05508039180212854,0.058008896399254904,0.061820788041037834,0.006026247488300267,0.013810828689771314,0,Autumn,True,False,True,False,False,False
2023-11-25,0.06,0.0,1150.0,0.047422806568686866,0.05266640535567913,0.0549196996995063,0.057342430411614784,0.05998072647578323,0.004676025055935652,0.012557919907096364,0,Autumn,True,False,True,False,False,False
2023-11-26,0.064,0.0,1320.0,0.049385097660577984,0.054565730852909264,0.05695420901351612,0.05925802888304698,0.06355100023968298,0.004692298030137716,0.014165902579104994,0,Autumn,True,False,True,False,False,False
2023-11-27,0.061,0.0,1230.0,0.050103912815665584,0.054295250942042544,0.056488003991773714,0.05879299503366632,0.06206463703220221,0.004497744091623776,0.011960724216536628,1,Autumn,True,False,True,False,False,False
2023-11-28,0.048,0.0,1450.0,0.05298565671882368,0.05629470742259773,0.058460785976918755,0.06169379638546833,0.06411115401833202,0.005399088962870606,0.01112549729950834,0,Autumn,True,False,True,False,False,False
2023-11-29,0.048,0.0,1350.0,0.053145289619658205,0.056150652189086436,0.05828977892128564,0.060975676688031784,0.06418856064236102,0.0048250244989453475,0.011043271022702812,0,Autumn,True,False,True,False,False,False
2023-11-30,0.054,1.0,1240.0,0.05367074009302562,0.058350597072542906,0.060867440039842166,0.06443343140836179,0.0672430126485426,0.006082834335818882,0.013572272555516976,1,Autumn,True,True,False,False,False,False
2023-12-01,0.049,0.0,880.0,0.04478078103010494,0.048451696359787494,0.050493952209077125,0.05295241813919979,0.05595022962632966,0.004500721779412298,0.01116944859622472,1,Winter,True,False,True,False,False,False
2023-12-02,0.048,0.0,890.0,0.04215866391501719,0.04612951142924904,0.048151837668794426,0.05073966175164564,0.05317972556047036,0.004610150322396603,0.011021061645453169,1,Winter,True,False,True,False,False,False
2023-12-03,0.049,2.0,950.0,0.0490474412821223,0.05241522540704824,0.05484963261023882,0.057580444246202886,0.06075539117497378,0.005165218839154648,0.011707949892851476,0,Winter,True,True,False,False,False,False
2023-12-04,0.088,15.0,3380.0,0.10039359293532601,0.10757620128478074,0.11139172859255932,0.11544494102616396,0.12197510815223842,0.007868739741383218,0.0215815152169124,0,Winter,True,True,False,False,False,False
2023-12-05,0.06,0.0,1580.0,0.05656422332090399,0.06050409190406844,0.06411640153498002,0.0674302660742674,0.07202221418149532,0.006926174170198959,0.015457990860591332,1,Winter,True,False,True,False,False,False
2023-12-06,0.053,0.0,1070.0,0.04375770755743573,0.04837143974576822,0.050259162957723535,0.05285212324742875,0.056750135380503,0.004480683501660532,0.012992427823067268,1,Winter,True,False,True,False,False,False
2023-12-07,0.047,0.0,900.0,0.04080265966057684,0.04387739516196367,0.046256066949483435,0.04863976984754708,0.052758603783664954,0.004762374685583409,0.011955944123088112,1,Winter,True,False,True,False,False,False
2023-12-08,0.049,0.0,930.0,0.03943233078525486,0.043057618145380394,0.04559282644207101,0.04843490654379001,0.053196002494165694,0.005377288398409619,0.013763671708910831,1,Winter,True,False,True,False,False,False
2023-12-09,0.053,0.0,1150.0,0.04192461415764657,0.04534973164389962,0.048145974026612644,0.05019438581078221,0.055723454229799456,0.004844654166882595,0.013798840072152888,1,Winter,True,False,True,False,False,False
2023-12-10,0.05,0.0,1650.0,0.04731748189314185,0.050634113382618334,0.053156063371087595,0.0566124501869116,0.060351160957091296,0.005978336804293265,0.01303367906394945,1,Winter,True,False,True,False,False,False
2023-12-11,0.065,0.0,820.0,0.04052769231169369,0.04546818495809642,0.04710268864910825,0.04982751595651536,0.05394083056443118,0.004359330998418939,0.013413138252737489,0,Winter,True,False,True,False,False,False
2023-12-12,0.051,0.0,620.0,0.03908720671261873,0.04210495377226385,0.04500355862847742,0.047489262339702305,0.05100870546546498,0.005384308567438455,0.011921498752846253,1,Winter,True,False,True,False,False,False
2023-12-13,0.045,0.0,540.0,0.038188531115992144,0.040987685820375284,0.043714191107266355,0.046213996933208545,0.04923164066418255,0.005226311112833261,0.011043109548190405,1,Winter,True,False,True,False,False,False
2023-12-14,0.047,0.0,1140.0,0.04149037773964375,0.046216054121601374,0.048923073807277714,0.05113726999792407,0.05380252754792804,0.004921215876322695,0.012312149808284288,1,Winter,True,False,True,False,False,False
2023-12-15,0.049,0.0,920.0,0.042136072250444884,0.045471672522937774,0.04809606943142555,0.050475598036262385,0.05351981314236937,0.005003925513324611,0.011383740891924489,1,Winter,True,False,True,False,False,False
2023-12-16,0.054,4.3,890.0,0.05423808801092494,0.05881909678416178,0.06155077733392575,0.06422065962813614,0.06741794622442038,0.005401562843974361,0.01317985821349544,0,Winter,True,True,False,False,False,False
2023-12-17,0.039,1.4,830.0,0.04745763801101144,0.051504089197720294,0.05430435227785706,0.05663547717997165,0.06049296725742884,0.005131387982251358,0.013035329246417399,0,Winter,True,True,False,False,False,False
2023-12-18,0.037,1.4,850.0,0.04618483562316004,0.05036376037837051,0.052658231396296454,0.054819820261389936,0.05881398960517319,0.004456059883019427,0.012629153982013155,0,Winter,True,True,False,False,False,False
2023-12-19,0.044,4.3,1210.0,0.058283934933569856,0.06143683830967331,0.06445491390579684,0.06701241464148307,0.0700541111141592,0.005575576331809759,0.011770176180589342,0,Winter,True,True,False,False,False,False
2023-12-20,0.037,0.1,820.0,0.044509698919740825,0.04786672034035521,0.051065677583746666,0.05266668198933551,0.05579783902424835,0.0047999616489802985,0.011288140104507523,0,Winter,True,True,False,False,False,False
2023-12-21,0.034,0.0,720.0,0.040427145607109846,0.0440000248806655,0.046380858359988134,0.04880238990750244,0.05194914392130618,0.004802365026836945,0.011521998314196334,0,Winter,True,False,True,False,False,False
2023-12-22,0.039,0.0,840.0,0.04133161480273881,0.04423856446336255,0.04709900928923591,0.05002450261062357,0.05298000150229178,0.00578593814726102,0.011648386699552975,0,Winter,True,False,True,False,False,False
2023-12-23,0.033,0.0,600.0,0.0394428441478881,0.04277888094924613,0.04488692178746782,0.04813252352126922,0.0517362509711433,0.005353642572023087,0.0122934068232552,0,Winter,True,False,True,False,False,False
2023-12-24,0.048,0.0,1080.0,0.043470065760393875,0.04675136449892027,0.04907928436479497,0.05177407998688775,0.05432048030695093,0.005022715487967483,0.010850414546557052,1,Winter,True,False,True,False,False,False
2023-12-25,0.048,0.0,1540.0,0.04758134342889471,0.05185640077419497,0.05387472756680309,0.05647427800343169,0.0598620950183364,0.004617877229236719,0.01228075158944169,1,Winter,True,False,True,False,False,False
2023-12-26,0.043,0.0,1280.0,0.04796322264648399,0.05091530116127262,0.053485956068929114,0.05628566774522606,0.05937615469623107,0.005370366583953436,0.011412932049747082,0,Winter,True,False,True,False,False,False
2023-12-27,0.044,0.0,1050.0,0.04661406803311957,0.049407727098215795,0.051682436080947046,0.0547141231377607,0.057740695459702736,0.005306396039544907,0.011126627426583165,0,Winter,True,False,True,False,False,False
2023-12-28,0.043,0.0,690.0,0.043248780524370777,0.04644299907467638,0.04880202169554047,0.05129998664533494,0.056065530584100645,0.004856987570658555,0.012816750059729869,0,Winter,True,False,True,False,False,False
2023-12-29,0.046,0.0,1280.0,0.04647489408660348,0.05004295315841595,0.053064386563754784,0.055208951765823466,0.059373653675971194,0.005165998607407518,0.012898759589367717,0,Winter,True,False,True,False,False,False
2023-12-30,0.055,0.4,1120.0,0.047624752111055255,0.051717679826581354,0.054626379708664255,0.05703613801457786,0.060943111864015305,0.005318458187996505,0.01331835975296005,1,Winter,True,True,False,False,False,False
2023-12-31,0.081,0.0,850.0,0.04511308718329447,0.04897052631683247,0.05149749603770165,0.053647363900011694,0.057731181970018586,0.004676837583179223,0.012618094786724113,0,Winter,True,False,True,False,False,False
