date,crop_daily_share,impervious_daily_share,crop_daily_total_prior,impervious_daily_total_prior,daily_total_prior
2023-01-01,0.000479865216021202,0.0005303205443745199,0.03399365190294195,0.009916994179803523,0.043910646082745475
2023-01-02,0.00048884065904573,0.0005413471942043503,0.034629472286799516,0.01012319253162135,0.04475266481842087
2023-01-03,0.0007716243510491227,0.0009500964089563723,0.05466186902831985,0.017766802847484164,0.07242867187580401
2023-01-04,0.0005287688007151537,0.000592215105502054,0.03745798184266149,0.011074422472888411,0.0485324043155499
2023-01-05,0.0005050211930560425,0.0005602626706217329,0.03577570131609006,0.010476911940626407,0.046252613256716466
2023-01-06,0.00048349215159660964,0.0005312125375428574,0.03425058401910383,0.009933674452051436,0.044184258471155265
2023-01-07,0.00047512069376710517,0.0005194224017045155,0.03365754994646173,0.009713198911874442,0.043370748858336174
2023-01-08,0.0008041731510516558,0.0010118672488082466,0.056967626020499304,0.018921917552714215,0.07588954357321352
2023-01-09,0.005788448640706736,0.008404489015919666,0.4100537017076652,0.15716394459769778,0.567217646305363
2023-01-10,0.0009380915528084025,0.0011246102659134523,0.06645440560094723,0.02103021197258156,0.0874846175735288
2023-01-11,0.0008417155889325915,0.0010151803920946298,0.05962713231998479,0.018983873332169582,0.07861100565215437
2023-01-12,0.002048660394216451,0.0028158202722435655,0.1451271023262934,0.052655839090954684,0.19778294141724806
2023-01-13,0.002544279317792013,0.003447565514080289,0.18023674687238622,0.06446947511330141,0.24470622198568764
2023-01-14,0.000946776435701833,0.0011326114132051153,0.06706964270511785,0.02117983342693566,0.08824947613205351
2023-01-15,0.0008029626221659611,0.0009429873143508211,0.056881872154236686,0.01763386277836036,0.07451573493259704
2023-01-16,0.0009234845763879322,0.0011412136026381968,0.06541964739132113,0.021340694369334282,0.0867603417606554
2023-01-17,0.000740761578316841,0.0008595904668469084,0.052475550207965016,0.01607434173003719,0.0685498919380022
2023-01-18,0.0007107870308298272,0.0008193598853333823,0.05035215326398496,0.015322029855734252,0.06567418311971922
2023-01-19,0.0006195699832014556,0.0006987422068290084,0.04389033760999112,0.013066479267702458,0.05695681687769358
2023-01-20,0.0005786952366873917,0.0006441927482795946,0.04099477056693483,0.012046404392828421,0.05304117495976325
2023-01-21,0.0005750342130438791,0.0006384805178307793,0.040735423652028396,0.011939585683435575,0.05267500933546397
2023-01-22,0.0005845185589151144,0.0006500160705073172,0.041407294713546705,0.012155300518486834,0.053562595232033536
2023-01-23,0.0005852678696420716,0.0006500816456325068,0.04146037588544435,0.01215652677332788,0.05361690265877223
2023-01-24,0.0005663415052215627,0.0006243179251943228,0.0401196322298955,0.011674745201133839,0.05179437743102934
2023-01-25,0.0005758735769285806,0.0006359012037066435,0.040794884189620656,0.011891352509314236,0.052686236698934893
2023-01-26,0.0005810438963336243,0.0006417552587134547,0.04116114961627395,0.012000823337941604,0.053161972954215556
2023-01-27,0.0005730997639948137,0.0006303924483658065,0.0405983872813926,0.011788338784440584,0.05238672606583319
2023-01-28,0.0005739198314967282,0.0006305287802659535,0.04065648086322823,0.011790888190973332,0.05244736905420156
2023-01-29,0.0005681875300181088,0.000622061536380264,0.04025040462648283,0.011632550730310939,0.05188295535679377
2023-01-30,0.0006084128590274681,0.0006739103706196709,0.043099966933505846,0.012602123930587848,0.055702090864093695
2023-01-31,0.0006902190127858326,0.0007803310060416652,0.04889511486574838,0.01459218981297914,0.06348730467872751
2023-02-01,0.0006880755922478702,0.0007556243106453754,0.04874327495483913,0.014130174609068522,0.06287344956390765
2023-02-02,0.0006692525608556026,0.0007299639232354329,0.04740985141101089,0.013650325364502598,0.06106017677551349
2023-02-03,0.0007226389993307691,0.0007990762805512518,0.05119174671259169,0.014942726446308412,0.0661344731589001
2023-02-04,0.0014680078848501614,0.0019554246632403883,0.10399367856278544,0.036566441202595265,0.1405601197653807
2023-02-05,0.0041371969025552945,0.005918088296965241,0.29307902857701706,0.11066825115325002,0.4037472797302671
2023-02-06,0.001273672407860278,0.0016089308146034979,0.0902269533728221,0.030087006233085415,0.12031395960590752
2023-02-07,0.0018528615225938507,0.002460216070335658,0.1312567102605484,0.04600604051527681,0.1772627507758252
2023-02-08,0.0010365267766427877,0.0012343747464339915,0.07342755685737508,0.023082807758315647,0.09651036461569072
2023-02-09,0.001178502202345918,0.0014632271080677716,0.08348509601418483,0.027362346920867333,0.11084744293505217
2023-02-10,0.00254455678089455,0.0034367773405356876,0.18025640235856993,0.06426773626801736,0.24452413862658728
2023-02-11,0.0020567543796237613,0.0026881655404462886,0.14570048025254725,0.0502686956063456,0.19596917585889284
2023-02-12,0.001437898476676996,0.0017982339951527744,0.1018607280877984,0.03362697570935689,0.1354877037971553
2023-02-13,0.0014849657761385926,0.0018897338992276327,0.10519497558165791,0.03533802391555674,0.14053299949721465
2023-02-14,0.0009293866342243547,0.0010598390279844695,0.0658377491684533,0.019818989823309582,0.08565673899176288
2023-02-15,0.0008690122232033482,0.0009796362845122058,0.06156082589172519,0.01831919852037825,0.07988002441210344
2023-02-16,0.000841452246960518,0.0009425040098446306,0.0596084771746831,0.017624824984094595,0.07723330215877769
2023-02-17,0.0008532696571570327,0.0009570563624482153,0.0604456225130042,0.01789695397778163,0.07834257649078583
2023-02-18,0.0008191333422904988,0.0009112965423516339,0.058027405967858936,0.017041245341975556,0.07506865130983449
2023-02-19,0.0007784255666040837,0.0008569140546298688,0.055143667138233286,0.01602429282157855,0.07116795995981184
2023-02-20,0.0007683406426670595,0.0008427267170822395,0.054429251126534496,0.015758989609437883,0.07018824073597238
2023-02-21,0.0007669981295756706,0.0008400167327873157,0.054334147499140506,0.015708312903122808,0.0700424604022633
2023-02-22,0.0007656453127669594,0.0008372964447750696,0.054238313956411405,0.015657443517293805,0.06989575747370522
2023-02-23,0.0008583633152370145,0.0009580476069175921,0.060806457251390104,0.017915490249358974,0.07872194750074908
2023-02-24,0.0007607172341620978,0.0008289496881613704,0.053889208868043006,0.015501359168617628,0.06939056803666063
2023-02-25,0.0008752897029575776,0.0009783926726469926,0.0620055225575148,0.018295942978498764,0.08030146553601356
2023-02-26,0.0009460892272628945,0.001070388000607102,0.06702096085930345,0.020016255611352812,0.08703721647065626
2023-02-27,0.00274752822928721,0.0008780713184252232,0.19463489976270595,0.016419933654551674,0.21105483341725761
2023-02-28,0.0027614105810911584,0.0008953723482380089,0.19561832556449768,0.01674346291205077,0.21236178847654846
2023-03-01,0.0035399097620294365,0.001664299230751543,0.2507672075421653,0.03112239561505386,0.28188960315721917
2023-03-02,0.003516563039118879,0.0016327476806197755,0.24911332569118141,0.030532381627589807,0.2796457073187712
2023-03-03,0.003556704994555748,0.0016922026144311694,0.2519569818143292,0.031644188889862875,0.28360117070419205
2023-03-04,0.0035398285890865314,0.0016614831154015677,0.2507614572508899,0.03106973425800932,0.2818311915088992
2023-03-05,0.0035186125828885833,0.0016327460175841772,0.24925851537182725,0.03053235052882412,0.2797908659006514
2023-03-06,0.003532383062724921,0.0016499351754293518,0.2502340161634334,0.03085378778052888,0.28108780394396227
2023-03-07,0.003524252387727961,0.0016383858224235548,0.24965803914664877,0.03063781487932048,0.28029585402596924
2023-03-08,0.003544542665792428,0.0016641459853021618,0.2510954024447356,0.031119529925150432,0.28221493236988604
2023-03-09,0.0035319903612564085,0.0016468075315537692,0.25020619719140397,0.030795300840055488,0.28100149803145946
2023-03-10,0.003508474194529419,0.0016150865376055705,0.24854031194046405,0.03020211825322417,0.2787424301936882
2023-03-11,0.003498060847085782,0.0016005707765513284,0.24780263040755682,0.029930673521509847,0.27773330392906664
2023-03-12,0.004222477945574222,0.0027090805782077412,0.2991203376644779,0.05065980681248477,0.34978014447696265
2023-03-13,0.0035384189396102453,0.001651868638704072,0.2506615976819898,0.03088994354376615,0.281551541225756
2023-03-14,0.003543241761573246,0.0016573751962688395,0.2510032463898487,0.030992916170227303,0.28199616256007604
2023-03-15,0.0035370967389745703,0.0016484952312630938,0.2505679329889586,0.03082686082461986,0.28139479381357846
2023-03-16,0.0035418626386217226,0.0016539448665120137,0.25090554931996284,0.03092876900377466,0.2818343183237375
2023-03-17,0.003531283249505877,0.0016392630637855634,0.25015610539499633,0.03065421929279004,0.2808103246877864
2023-03-18,0.0038794979377877173,0.002095507977146668,0.2748236339128819,0.0391859991726427,0.3140096330855246
2023-03-19,0.004057021107330224,0.0023277299948305744,0.2873993752432731,0.04352855090333175,0.3309279261466048
2023-03-20,0.003853808444361469,0.0020602461852956746,0.27300379019856647,0.03852660366502912,0.3115303938635956
2023-03-21,0.0037796524860880245,0.001962159480960368,0.26775058211447567,0.03669238229395889,0.30444296440843455
2023-03-22,0.0036245089378288864,0.0017577869693739703,0.25676021315579833,0.03287061632729325,0.2896308294830916
2023-03-23,0.008633143701592894,0.009259183833658539,0.6115718998208407,0.1731467376894147,0.7847186375102554
2023-03-24,0.015821334182538054,0.019375757669463162,1.1207833134909957,0.3623266684189612,1.483109981909957
2023-03-25,0.021698981647378462,0.02788221873357456,1.5371558599002904,0.5213974903178443,2.058553350218135
2023-03-26,0.008524864085081723,0.008332391176322245,0.6039013717871893,0.155815714997226,0.7597170867844153
2023-03-27,0.011313977972571783,0.01251410092308506,0.8014821995769852,0.23401368726169067,1.0354958868386759
2023-03-28,0.0074092437357353245,0.006897456091448799,0.5248708262394904,0.12898242891009257,0.653853255149583
2023-03-29,0.01101880063080403,0.012061400772871766,0.7805718366861575,0.22554819445270208,1.0061200311388596
2023-03-30,0.008556040585830657,0.008462678710822588,0.6061099151002438,0.15825209189238243,0.7643620069926262
2023-03-31,0.006205241111638095,0.005166912443981491,0.4395792803484427,0.0966212627024539,0.5362005430508966
2023-04-01,0.005394696435260016,0.004193975457432819,0.3821602954738195,0.07842734105399372,0.46058763652781326
2023-04-02,0.0069159228234351895,0.006399665373983111,0.48992397281214883,0.11967374249348418,0.609597715305633
2023-04-03,0.0033544263533152106,0.004080907391288296,0.23762756286884953,0.07631296821709115,0.31394053108594067
2023-04-04,0.01335825312955222,0.018711472415665804,0.9462986516974793,0.3499045341729506,1.29620318587043
2023-04-05,0.011357570868740991,0.015212958593419704,0.8045703203416119,0.28448232569694853,1.0890526460385606
2023-04-06,0.00568697760579425,0.007104841204173133,0.40286549359446466,0.13286053051803762,0.5357260241125023
2023-04-07,0.00440720216034764,0.005406682503954244,0.31220620103902685,0.10110496282394438,0.41331116386297123
2023-04-08,0.0038378698203463367,0.004658895171891624,0.27187469807333453,0.08712133971437339,0.35899603778770794
2023-04-09,0.0035047921669508785,0.004221205971425738,0.24827947710680023,0.07893655166566131,0.32721602877246153
2023-04-10,0.0032044889874632463,0.0038265472788941916,0.22700599987189637,0.0715564341153214,0.29856243398721777
2023-04-11,0.002982906829995776,0.003535224090046437,0.2113091198369008,0.06610869048386837,0.2774178103207692
2023-04-12,0.002986638136670067,0.003539639132322495,0.21157344560170754,0.06619125177443066,0.2777646973761382
2023-04-13,0.002958234993171523,0.00360162684127742,0.2095613669162707,0.06735042193188776,0.2769117888481585
2023-04-14,0.0025041410791668034,0.0029438001369492374,0.17739335404817635,0.05504906256095075,0.2324424166091271
2023-04-15,0.0022683098208898665,0.0026057027869510687,0.16068706771183816,0.04872664211598499,0.20941370982782315
2023-04-16,0.0020077654388835466,0.0022530854137406014,0.14223010369051045,0.042132697236949256,0.1843628009274597
2023-04-17,0.0018012176337899354,0.001981582726479078,0.12759825717767903,0.03705559698515876,0.1646538541628378
2023-04-18,0.0019906411631963918,0.0022298075176375395,0.1410170200008324,0.04169740057982199,0.1827144205806544
2023-04-19,0.013265659082615507,0.0186210877475578,0.9397392894124825,0.3482143408793309,1.2879536302918133
2023-04-20,0.003531145299973868,0.004250977782457565,0.25014633305014883,0.07949328453195648,0.3296396175821053
2023-04-21,0.002862743730933441,0.003373353119276284,0.20279676589932497,0.06308170333046652,0.26587846922979147
2023-04-22,0.0028290802631442606,0.003367197247581214,0.20041204584113942,0.0629665885297687,0.26337863437090814
2023-04-23,0.007002644160395823,0.009458435317758094,0.4960673123224401,0.17687274044207638,0.6729400527645165
2023-04-24,0.004445596303731966,0.005465241742839898,0.3149260421563725,0.10220002059110611,0.4171260627474786
2023-04-25,0.0039070187863243285,0.00478620417852603,0.27677321082321543,0.08950201813843678,0.3662752289616522
2023-04-26,0.003162927119039393,0.0037658408136208494,0.22406175711275061,0.0704212232147099,0.2944829803274605
2023-04-27,0.0027195819877926354,0.0031836973552152887,0.1926551880152303,0.059535140542525906,0.2521903285577562
2023-04-28,0.0026743930740503394,0.0031241499938358757,0.18945400536572604,0.05842160488473088,0.24787561025045693
2023-04-29,0.006486820242948563,0.00581490239132796,0.4595263460104762,0.10873867471783287,0.5682650207283091
2023-04-30,0.004566129098476333,0.0030508472293299103,0.3234645853360635,0.057050843188469334,0.3805154285245328
2023-05-01,0.004123395437145617,0.0024932459869022546,0.2921013327673955,0.04662369995507217,0.3387250327224677
2023-05-02,0.0040167361324275255,0.0023530836376975564,0.28454558762116594,0.044002664024944314,0.32854825164611023
2023-05-03,0.0040675571437206355,0.0024196305678313183,0.2881457480611698,0.04524709161844566,0.33339283967961547
2023-05-04,0.003954229096364328,0.002270748269183101,0.280117589186449,0.042462992633723995,0.322580581820173
2023-05-05,0.003884607481267833,0.0021792471148300457,0.2751855939730133,0.04075192104732186,0.3159375150203351
2023-05-06,0.018337965212465605,0.0238522384035918,1.2990614556510636,0.4460368581471667,1.7450983137982303
2023-05-07,0.010571366814955746,0.011318559195555697,0.7488756251714651,0.21165705695689158,0.9605326821283566
2023-05-08,0.00668605027408594,0.00585587147791055,0.47363980141624806,0.1095047966369273,0.5831445980531753
2023-05-09,0.006078747211081056,0.005063844144911209,0.430618452432982,0.09469388550983963,0.5253123379428216
2023-05-10,0.009021009349340914,0.009431868423880361,0.6390483023073104,0.17637593952656277,0.8154242418338731
2023-05-11,0.008316895390313151,0.00825452272291746,0.5891688694497836,0.15435957491855654,0.7435284443683402
2023-05-12,0.005985601150222166,0.004938962207328747,0.4240199854817383,0.09235859327704758,0.5163785787587859
2023-05-13,0.005441480059984346,0.004222255706403249,0.3854744474492911,0.07895618170974077,0.4644306291590319
2023-05-14,0.005249622661387794,0.003975583802148065,0.3718832693327114,0.07434341710016884,0.4462266864328802
2023-05-15,0.004889894038873568,0.0034983683136470627,0.3464000937138036,0.06541948746520009,0.4118195811790037
2023-05-16,0.004854696344302716,0.00345223084944793,0.34390668903040444,0.0645567168846763,0.40846340591508074
2023-05-17,0.005907758566621737,0.004957201466528765,0.4185056168594839,0.09269966742408792,0.5112052842835718
2023-05-18,0.00525653563236952,0.0040514179923878246,0.37237298419705683,0.07576151645765233,0.44813450065470917
2023-05-19,0.004650327594800373,0.0031842746889812097,0.32942920681565846,0.05954593668394863,0.3889751434996071
2023-05-20,0.005194092359012807,0.004010612733751582,0.3679495027124673,0.0749984581211546,0.44294796083362187
2023-05-21,0.006538876830046984,0.005926665081312991,0.4632140346405284,0.11082863702055296,0.5740426716610814
2023-05-22,0.006037420244589938,0.00518171359261436,0.4276908501267512,0.09689804418188853,0.5245888943086398
2023-05-23,0.004716231112263157,0.003271374010098786,0.33409781199272204,0.061174693988847305,0.3952725059815693
2023-05-24,0.004734769249314481,0.003321469432847022,0.33541105362143786,0.062111478394239326,0.39752253201567717
2023-05-25,0.006123855443336607,0.005497759763035726,0.43381391960596527,0.1028081075687681,0.5366220271747334
2023-05-26,0.004551621388258219,0.003058503097410623,0.3224368591442122,0.05719400792157866,0.37963086706579086
2023-05-27,0.004177424872291847,0.0025650525476944397,0.2959287779531545,0.04796648264188603,0.3438952605950405
2023-05-28,0.004078148622466804,0.00243500819578986,0.2888960484155484,0.04553465326127039,0.33443070167681876
2023-05-29,0.004007264659332113,0.0023422446933986083,0.2838746284670869,0.043799975766553985,0.32767460423364086
2023-05-30,0.0038750671295689765,0.002169023027529422,0.2745097554586663,0.04056073061480019,0.3150704860734665
2023-05-31,0.0038303371728250417,0.002110618358750137,0.27134108532292595,0.03946856330862757,0.3108096486315535
2023-06-01,0.0037453959253776438,0.002030463260515112,0.2653238473537523,0.037969662971632595,0.3032935103253849
2023-06-02,0.003731197033559221,0.0020121619550860837,0.26431799785733523,0.03762742856010977,0.301945426417445
2023-06-03,0.006129430951670477,0.008396216834401025,0.4342088886163366,0.1570092548032992,0.5912181434196357
2023-06-04,0.005051480337409161,0.006541916824589055,0.357846867102065,0.12233384461981535,0.4801807117218803
2023-06-05,0.0025046379001641816,0.00295918096916209,0.17742854884763062,0.05533668412333109,0.23276523297096172
2023-06-06,0.00224737946853066,0.0026219254721217716,0.15920436155071196,0.049030006328677135,0.2082343678793891
2023-06-07,0.0025881153043711435,0.003169287212716198,0.18334208816165182,0.059265670877792914,0.24260775903944473
2023-06-08,0.0022383042874840014,0.0026338675037032443,0.15856147572536666,0.04925332231925068,0.20781479804461733
2023-06-09,0.0022881513355916937,0.0027278631173819306,0.1620926406133156,0.05101104029504211,0.2131036809083577
2023-06-10,0.0021632319206316484,0.002536231861992564,0.15324334925754599,0.04742753581926096,0.20067088507680694
2023-06-11,0.0018618084323869179,0.002118068176872253,0.13189050935028926,0.03960787490751114,0.1714983842578004
2023-06-12,0.0017311678972475415,0.001947087241228594,0.12263593384101584,0.036410531410974716,0.15904646525199057
2023-06-13,0.0018455324915307501,0.00209768982240548,0.13073752170003836,0.03922679967898248,0.16996432137902084
2023-06-14,0.0018973367123618417,0.002194326344409333,0.13440733270371288,0.041033902640454534,0.17544123534416742
2023-06-15,0.0018334515237863893,0.002082873912254049,0.12988170594502782,0.03894974215915072,0.16883144810417855
2023-06-16,0.0023903234403629707,0.002906372085015078,0.16933051251531284,0.05434915798978197,0.2236796705050948
2023-06-17,0.007414090341495656,0.010469837318654193,0.5252141597915523,0.19578595785883343,0.7210001176503857
2023-06-18,0.008847063815350298,0.012282136088968014,0.6267260006794152,0.2296759448637019,0.8564019455431171
2023-06-19,0.002873698244687042,0.00346834417853786,0.20357278365363007,0.06485803613865798,0.26843081979228806
2023-06-20,0.0022058342565767636,0.0025795808670488756,0.15626129873589795,0.04823816221381398,0.20449946094971194
2023-06-21,0.0019427564261066193,0.0022297842726714916,0.1376248652253929,0.0416969658989569,0.1793218311243498
2023-06-22,0.002646248168112164,0.003284159921902295,0.1874602202290657,0.061413790539572924,0.24887401076863863
2023-06-23,0.004106639632083591,0.005418927261747363,0.29091435153680156,0.1013339397946757,0.39224829133147726
2023-06-24,0.0052313702340277095,0.0068957816986017426,0.37059026737852296,0.1289511177638526,0.49954138514237556
2023-06-25,0.0025859867209066154,0.003094481968934728,0.18319129930902464,0.057866812819079426,0.24105811212810407
2023-06-26,0.0025871355118403726,0.003147805561634028,0.183272679658772,0.058863964002556335,0.24213664366132834
2023-06-27,0.0021571426841541005,0.00252530375229484,0.1528119877454765,0.04722318016791352,0.20003516791339002
2023-06-28,0.0019389709738759876,0.0022294174984496973,0.13735670378937498,0.04169010722100935,0.17904681101038433
2023-06-29,0.0036717458840667874,0.0019486083919830453,0.26010647842729123,0.03643897693008295,0.2965454553573742
2023-06-30,0.003702274020967367,0.0019893925629101378,0.2622690916453283,0.03720164092641958,0.2994707325717479
2023-07-01,0.004460512614377217,0.0033411374306567764,0.3159827136024821,0.06247926995328173,0.3784619835557638
2023-07-02,0.00332353366547373,0.0015785166341334281,0.23543912486215904,0.029518261058295112,0.26495738592045415
2023-07-03,0.003390611430384945,0.001692877603582207,0.2401909137284695,0.03165681118698727,0.2718477249154568
2023-07-04,0.0032530720638631314,0.0014875429644698045,0.23044762500406424,0.027817053435585347,0.25826467843964956
2023-07-05,0.0032943706118065607,0.001542516224448584,0.23337321414037676,0.028845053397188524,0.2622182675375653
2023-07-06,0.0031649770300549466,0.0013734659777944547,0.22420697280909244,0.02568381378475631,0.24989078659384875
2023-07-07,0.0030924392653851785,0.0012790486738681267,0.21906839755988605,0.023918210201333973,0.24298660776122002
2023-07-08,0.003113953282223595,0.0013080837823259857,0.22059245051271947,0.024461166729495935,0.24505361724221542
2023-07-09,0.0030391678456882735,0.0012107350709323367,0.2152946501885573,0.0226407458264347,0.237935396014992
2023-07-10,0.003075939344102434,0.0012598138101783118,0.21789954313621643,0.023558518250334434,0.24145806138655085
2023-07-11,0.0029726538499104884,0.0011250764783050616,0.210582798727659,0.021038930144304656,0.23162172887196367
2023-07-12,0.0029831148006630127,0.001139639842668191,0.21132385247896782,0.021311265057895178,0.232635117536863
2023-07-13,0.002916970995050271,0.001053667704604192,0.2066382252893612,0.019703586076098394,0.2263418113654596
2023-07-14,0.002879245019539779,0.0010050019594654198,0.20396571718419795,0.018793536642003353,0.22275925382620132
2023-07-15,0.002983113190100877,0.0011600873666496511,0.21132373838674612,0.02169363375634848,0.2330173721430946
2023-07-16,0.006411272665929503,0.006187215195967586,0.45417455565444603,0.11570092416459388,0.56987547981904
2023-07-17,0.004395947434618421,0.0029982680889760085,0.311408916268369,0.05606761326385137,0.3674765295322203
2023-07-18,0.00470525053206897,0.003699196867215273,0.3333199476917658,0.06917498141692562,0.40249492910869145
2023-07-19,0.004041986175358159,0.0025763754806046742,0.28633430066237203,0.04817822148730742,0.33451252214967947
2023-07-20,0.003523970264422366,0.0018615695833786986,0.24963805353168042,0.03481135120918167,0.2844494047408621
2023-07-21,0.0032008874226030757,0.0014333071164044462,0.2267508650172019,0.026802843076763148,0.25355370809396505
2023-07-22,0.00311703943510263,0.001324160911638603,0.22081107358267033,0.02476180904764188,0.2455728826303122
2023-07-23,0.003022233601256721,0.0012006381825184595,0.21409502831302613,0.022451934013095195,0.23654696232612132
2023-07-24,0.0029952371252089513,0.0011661206148512468,0.21218259794980213,0.02180645549771832,0.23398905344752044
2023-07-25,0.002955096579630884,0.0011143565640431325,0.20933904170105183,0.02083846774760658,0.23017750944865842
2023-07-26,0.002877745344104805,0.0010137583180569586,0.20385948017638442,0.01895728054766513,0.22281676072404955
2023-07-27,0.002815695190196006,0.000933247302900437,0.19946384727348507,0.017451724564238175,0.21691557183772325
2023-07-28,0.002873968788010592,0.0010106654975645124,0.20359194894267033,0.018899444804456385,0.2224913937471267
2023-07-29,0.0028622150317549164,0.0009961767989017675,0.2027593128495183,0.018628506139463055,0.22138781898898136
2023-07-30,0.006230981893789695,0.006134669000340742,0.441402757356062,0.11471831030637189,0.5561210676624339
2023-07-31,0.0031603018226640414,0.0013893028384565744,0.2238757811175207,0.025979963079137944,0.24985574419665865
2023-08-01,0.004416692845686054,0.0030432877904060626,0.3128785211884001,0.05690948168059338,0.3697880028689935
2023-08-02,0.003748750652935516,0.002001340546989028,0.265561496253952,0.03742506822869483,0.3029865644826468
2023-08-03,0.0015347878686849852,0.001652249286011518,0.10872437261764435,0.03089706164841539,0.13962143426605975
2023-08-04,0.0013785709775149654,0.0014481709027177735,0.09765796804716015,0.027080795880822368,0.12473876392798251
2023-08-05,0.0013798802323195805,0.0014508476287259234,0.09775071565751908,0.02713085065717477,0.12488156631469385
2023-08-06,0.001335236826728305,0.0013932132467010655,0.09458817680543313,0.026053087713309928,0.12064126451874306
2023-08-07,0.0013168441506709527,0.0013700344214313408,0.09328523963353029,0.025619643680766076,0.11890488331429637
2023-08-08,0.001403469457252226,0.0014846928876850814,0.09942177635174769,0.027763756999711026,0.1271855333514587
2023-08-09,0.0013887916576496085,0.0014766211290656746,0.09838200102789826,0.02761281511352812,0.12599481614142638
2023-08-10,0.005519625795144105,0.007715083746257669,0.39101029132800846,0.14427206605501844,0.5352823573830269
2023-08-11,0.0022417745612602915,0.002600647370018554,0.15880730991967906,0.048632105819346974,0.20743941573902602
2023-08-12,0.004235042542449869,0.005545110583783302,0.30001041370714876,0.10369356791674776,0.40370398162389654
2023-08-13,0.004078743402091708,0.005333260478156939,0.28893818260417664,0.09973197094153477,0.38867015354571144
2023-08-14,0.0028852022330298275,0.0035401019288485397,0.204387726187833,0.0661999060694677,0.2705876322573007
2023-08-15,0.002400714276013527,0.0028975026662989116,0.17006659931279827,0.05418329985978965,0.22424989917258792
2023-08-16,0.0020269361870286708,0.0023797506138850066,0.14358815948911105,0.04450133647964963,0.18808949596876068
2023-08-17,0.001612133246782991,0.0017825790684956918,0.11420351920210708,0.03333422858086944,0.1475377477829765
2023-08-18,0.0014601713016862816,0.0015687441561898368,0.1034385350114562,0.029335515720749952,0.13277405073220616
2023-08-19,0.0016061710017248386,0.0017996852428709732,0.11378115376218757,0.0336541140416872,0.14743526780387478
2023-08-20,0.004833988187977831,0.006732735516429179,0.3424397232363496,0.12590215415722567,0.46834187739357525
2023-08-21,0.0017544215844692934,0.001960368933466101,0.12428322504380475,0.0366588990558161,0.16094212409962083
2023-08-22,0.0024583942220182784,0.003025933932834161,0.17415264668777486,0.05658496454399881,0.23073761123177366
2023-08-23,0.004920004483200254,0.0068919540355469,0.34853311758990596,0.12887954046472705,0.477412658054633
2023-08-24,0.002019225329912226,0.002364465941141316,0.1430419223709821,0.044215513099342615,0.1872574354703247
2023-08-25,0.0016073888880292827,0.0017686093838689355,0.11386742882799439,0.0330729954783491,0.1469404243063435
2023-08-26,0.001573053541483705,0.0017270369847461828,0.11143511287870567,0.03229559161475362,0.1437307044934593
2023-08-27,0.005909083469184515,0.008354979127572947,0.41859947295703104,0.15623810968561413,0.5748375826426452
2023-08-28,0.006259533480612567,0.008575485393160946,0.4434253517665943,0.1603615768521097,0.603786928618704
2023-08-29,0.007681707793599067,0.010448125810194995,0.544172180098558,0.19537995265064645,0.7395521327492044
2023-08-30,0.0021461171799571615,0.0024803227830439904,0.15203094102816533,0.046382036042922625,0.19841297707108796
2023-08-31,0.0018529686049230608,0.0021015916002717207,0.13126429597274963,0.03929976292508118,0.17056405889783083
2023-09-01,0.0017469809056251783,0.002124641129179609,0.12375612735448764,0.03973078911565869,0.16348691647014635
2023-09-02,0.001346919695888423,0.001541643236214683,0.0954157912567359,0.028828728517214578,0.12424451977395047
2023-09-03,0.0012280965789401791,0.001386582132372762,0.0869983616521223,0.025929085875370652,0.11292744752749295
2023-09-04,0.0010917901856383003,0.0012085678673630653,0.0773424167506172,0.022600219119689326,0.09994263587030652
2023-09-05,0.0017492671829966741,0.0022079245516064888,0.1239180872434844,0.04128818911504135,0.16520627635852575
2023-09-06,0.0032469048160360236,0.004404605266190912,0.23001073716799192,0.08236611847777006,0.312376855645762
2023-09-07,0.0023036978232025664,0.0029220125595759046,0.1631939537956698,0.05464163486406942,0.21783558865973923
2023-09-08,0.0020809548145033544,0.0026663243749729952,0.14741483905941763,0.04986026581199502,0.19727510487141264
2023-09-09,0.0012595189098827495,0.0014330466465542172,0.08922431957609397,0.026797972290563864,0.11602229186665784
2023-09-10,0.0018178333160358351,0.002289428937071429,0.12877531210797857,0.042812321123235735,0.17158763323121431
2023-09-11,0.0011644356630891113,0.0013099302400881112,0.08248862237323265,0.024495695489647685,0.10698431786288033
2023-09-12,0.0011574111420109146,0.0013015382478063797,0.0819910053000532,0.024338765233979303,0.1063297705340325
2023-09-13,0.0020432325206386445,0.0025826336237664525,0.14474259176204157,0.04829524876443267,0.19303784052647424
2023-09-14,0.0075726213583996276,0.010451961197302798,0.5364444970290296,0.19545167438956235,0.731896171418592
2023-09-15,0.010357158821229888,0.014258348298225074,0.7337011308959253,0.26663111317680893,1.0003322440727342
2023-09-16,0.0029230092847991294,0.003624664945077373,0.20706597773517035,0.06778123447294689,0.27484721220811725
2023-09-17,0.002382980686295002,0.0029141021426908704,0.16881035181713794,0.05449371006831929,0.22330406188545723
2023-09-18,0.00196261046419939,0.0023631384206576666,0.1390313252838848,0.044190688466298374,0.18322201375018315
2023-09-19,0.0015532122261080626,0.001826565360637585,0.11002955409749517,0.03415677224392284,0.144186326341418
2023-09-20,0.0014151532118455033,0.0016461147390654407,0.10024945352713546,0.030782345620523746,0.13103179914765922
2023-09-21,0.0012858796632444552,0.0014771845255618777,0.09109171534423721,0.027623350628007116,0.11871506597224432
2023-09-22,0.0011894597764273871,0.0013513640078688075,0.08426133056211611,0.025270506947146703,0.10953183750926282
2023-09-23,0.0011915328619247273,0.0013548045645696825,0.08440818793874769,0.025334845357453065,0.10974303329620075
2023-09-24,0.00117613804405267,0.00133530733308702,0.08331761904069114,0.024970247128727276,0.10828786616941842
2023-09-25,0.003320075924459195,0.004717643380315292,0.23519417848868937,0.08821993121189597,0.3234141097005854
2023-09-26,0.0013401861681693345,0.001552003098539782,0.09493878815311566,0.029022457942693928,0.12396124609580958
2023-09-27,0.0012265008340857284,0.0014111367219105115,0.08688531908663301,0.02638825669972657,0.11327357578635958
2023-09-28,0.001416979445363508,0.0016694735392883085,0.10037882390955091,0.031219155184691375,0.13159797909424228
2023-09-29,0.0028688681040488495,0.003933748893888394,0.2032306164908205,0.07356110431571297,0.27679172080653347
2023-09-30,0.0011195635426653786,0.0012650581196643786,0.07930988136241543,0.023656586837723884,0.10296646820013931
2023-10-01,0.0007033570759033716,0.0008509028597076741,0.04982581525699485,0.01591188347653351,0.06573769873352836
2023-10-02,0.0006226327186582463,0.0007455640207989189,0.04410730178975017,0.013942047188939785,0.058049348978689956
2023-10-03,0.0006819787824578956,0.0008240546814480581,0.04831137694931733,0.015409822543078688,0.06372119949239602
2023-10-04,0.0007238631525986975,0.0008796137636242099,0.05127846573009173,0.01644877737977273,0.06772724310986446
2023-10-05,0.0006651441354222747,0.0008031176208018321,0.04711881055331395,0.015018299508994264,0.06213711006230821
2023-10-06,0.000732827627285367,0.0009180843172024883,0.0519135091168954,0.017168176731686535,0.06908168584858193
2023-10-07,0.0011348260202392786,0.001505070600189873,0.0803910752737505,0.028144820223550627,0.10853589549730112
2023-10-08,0.001515755768162454,0.002069505109425754,0.10737613861662824,0.038699745546261606,0.14607588416288986
2023-10-09,0.0012574895893865132,0.0016466576606537584,0.0890805625121406,0.030792498254225288,0.11987306076636589
2023-10-10,0.001334045974626137,0.0017655427196935386,0.09450381684251555,0.03301564885826918,0.12751946570078473
2023-10-11,0.0008490900334345361,0.001050251233218971,0.06014953796850254,0.019639698061194758,0.0797892360296973
2023-10-12,0.00082640078054273,0.0010183893784619198,0.058542231293646996,0.019043881377237903,0.0775861126708849
2023-10-13,0.0007811678877961871,0.0009594817736800269,0.0553379331714819,0.017942309167816507,0.0732802423392984
2023-10-14,0.0007228541792818297,0.0008833909395197146,0.05120699006032482,0.016519410569018664,0.06772640062934349
2023-10-15,0.0006864673406333288,0.0008360643312429337,0.04862934641046501,0.01563440299424286,0.06426374940470787
2023-10-16,0.0005779257618455712,0.0006940197079685688,0.04094026096914027,0.012978168539012238,0.0539184295081525
2023-10-17,0.0005985215987307862,0.0007214529008714587,0.042399270054088896,0.013491169246296281,0.055890439300385175
2023-10-18,0.0008248336190756506,0.001018873423800143,0.058431213575319094,0.019052933025062675,0.07748414660038178
2023-10-19,0.0013041384213513375,0.001730165281604599,0.09238516576852876,0.03235409076600601,0.12473925653453477
2023-10-20,0.0015923736534812925,0.002185548344612643,0.11280374961261477,0.040869754044256426,0.1536735036568712
2023-10-21,0.0008412830317519145,0.001064544876325748,0.05959648996930563,0.01990698918729149,0.07950347915659713
2023-10-22,0.0006934837865451114,0.0008478669263670888,0.04912639143885569,0.015855111523064562,0.06498150296192026
2023-10-23,0.0005830986735482473,0.0007032950332818498,0.04130671003415784,0.013151617122370592,0.05445832715652843
2023-10-24,0.0006171690108863782,0.0007483051402482606,0.04372025273119103,0.013993306122642475,0.05771355885383351
2023-10-25,0.0005834635454021104,0.0007043436407374805,0.0413325575562855,0.013171226081790888,0.05450378363807639
2023-10-26,0.0006351393144786891,0.0007724290642564791,0.04499326903767034,0.014444423501596162,0.05943769253926651
2023-10-27,0.002939344856671588,0.004241913901888506,0.2082231896466153,0.07932378996531507,0.2875469796119304
2023-10-28,0.0007912682937790478,0.0009931659531730536,0.05605344593130775,0.018572203324336106,0.07462564925564386
2023-10-29,0.0007707836237510296,0.0009511487164401719,0.05460231190652294,0.017786480997431218,0.07238879290395416
2023-10-30,0.0006060584023946022,0.0007351433249511821,0.04293317722563362,0.013747180176587107,0.05668035740222073
2023-10-31,0.0005398432238648102,0.0006484160783683653,0.038242493978583154,0.012125380665488432,0.05036787464407159
2023-11-01,0.0007485273923420693,0.0008981243829516742,0.05302568047351219,0.01679492596119631,0.0698206064347085
2023-11-02,0.0007261760217180456,0.0008689356563099755,0.05144230937850635,0.016249096772996543,0.06769140615150289
2023-11-03,0.0006251108919573595,0.0007364186888679847,0.04428285558625935,0.013771029481831315,0.058053885068090665
2023-11-04,0.0006794431973377828,0.0008078443842925953,0.048131756099408535,0.015106689986271534,0.06323844608568006
2023-11-05,0.0006288065293207828,0.0007414817974349428,0.044544654537084255,0.013865709612033433,0.05841036414911769
2023-11-06,0.0005979143546330475,0.0007010173243224627,0.042356252882205084,0.013109023964830055,0.05546527684703514
2023-11-07,0.0005386317641966595,0.0006232738726383521,0.038156674175691366,0.011655221418337186,0.04981189559402855
2023-11-08,0.00244376083371597,0.003463924979899985,0.17311601746043934,0.06477539712412973,0.23789141458456908
2023-11-09,0.0007199754576177721,0.000861367621006167,0.05100306141764298,0.016107574512815324,0.0671106359304583
2023-11-10,0.008337279135151254,0.011902472069136005,0.5906128539341149,0.22257622769284333,0.8131890816269582
2023-11-11,0.0015761882464903837,0.001990275257466778,0.11165717538137879,0.037218147314628754,0.14887532269600753
2023-11-12,0.0012294655177776293,0.001586329634236767,0.08709533727936726,0.02966436416022755,0.11675970143959481
2023-11-13,0.0008704144603477112,0.0010690090992501115,0.06166016037103187,0.01999047015597709,0.08165063052700897
2023-11-14,0.00102023852178185,0.001286060355190304,0.07227369688302626,0.024049328642058686,0.09632302552508495
2023-11-15,0.00103204956753977,0.0012912653599650133,0.0731103913645173,0.02414666223134575,0.09725705359586305
2023-11-16,0.0010608753629882967,0.0013443586645254734,0.07515241071409094,0.025139507026626356,0.1002919177407173
2023-11-17,0.0008173435205421778,0.0009888200504083427,0.05790061499520788,0.01849093494263601,0.07639154993784389
2023-11-18,0.0007039455235635354,0.0008398678021377903,0.04986750088924085,0.01570552789997668,0.06557302878921753
2023-11-19,0.0007087497247539657,0.0008460394745317556,0.05020783050157093,0.01582093817374383,0.06602876867531476
2023-11-20,0.0006982908077358932,0.0008321618795048457,0.049466920820010675,0.015561427146740617,0.06502834796675129
2023-11-21,0.0006616288603940325,0.0007838764269329375,0.04686978847031327,0.014658489183645934,0.061528277653959206
2023-11-22,0.0006381468953709608,0.0007528733702904233,0.04520632606807887,0.014078732024430917,0.059285058092509786
2023-11-23,0.0006956713108573834,0.0008281749114228009,0.04928135566113704,0.015486870843606379,0.06476822650474343
2023-11-24,0.00066135355778786,0.0007829173887249976,0.046850286033692005,0.014640555169157457,0.061490841202849464
2023-11-25,0.0006533429438311972,0.0007721718323612648,0.046282814141002014,0.014439613265155653,0.060722427406157665
2023-11-26,0.0006913308346842251,0.0008217832284443401,0.04897387632903051,0.015367346371909164,0.06434122270093967
2023-11-27,0.0006724831609546641,0.0007967819342988717,0.047638707122028404,0.014899822171388901,0.0625385292934173
2023-11-28,0.0007215130463356849,0.0008608540029187773,0.05111198420241992,0.01609796985458114,0.06720995405700106
2023-11-29,0.0007005791283330678,0.0008330827288984854,0.04962902545111453,0.015578647030401679,0.06520767248151621
2023-11-30,0.0007797996781036323,0.0009623214256136837,0.05524100919686132,0.017995410658975888,0.0732364198558372
2023-12-01,0.0004591640090565669,0.000559532036338912,0.0325271784015672,0.010463249079537655,0.042990427481104855
2023-12-02,0.00046244800999952667,0.0005634997728836392,0.03275981702836647,0.010537445752924054,0.04329726278129053
2023-12-03,0.0006813052519869905,0.0009015379056098609,0.04826366405075841,0.0168587588349044,0.0651224228856628
2023-12-04,0.002543968523342487,0.003678359029527852,0.1802147301935818,0.06878531385217083,0.24900004404575266
2023-12-05,0.0006170006719989765,0.0007652301914050464,0.043708327604407494,0.01430980457927437,0.05801813218368186
2023-12-06,0.0005067070222149382,0.0006200660259308658,0.035895125453706225,0.011595234684907193,0.04749036013861342
2023-12-07,0.0004708518731634081,0.0005725873716492882,0.03335514669489583,0.010707383849841691,0.04406253054473752
2023-12-08,0.00047880347279422627,0.000582590178085409,0.03391843801274299,0.01089443633019715,0.04481287434294014
2023-12-09,0.0005283734559650609,0.0006472023444951284,0.037429975620564916,0.012102683842058903,0.04953265946262382
2023-12-10,0.0006392529827862922,0.0007922686514047347,0.04528468130058094,0.01481542378126854,0.060100105081849486
2023-12-11,0.0004591810321289365,0.0005554466458006767,0.03252838431601386,0.010386852276472656,0.042915236592486514
2023-12-12,0.00041699612057546795,0.0004995870222118581,0.029540005181566152,0.009342277315361748,0.0388822824969279
2023-12-13,0.0004011121314577875,0.00047823314828003766,0.028414783392469667,0.008942959872836706,0.03735774326530637
2023-12-14,0.0005340540046776661,0.0006521991576059662,0.03783238569136587,0.01219612424723157,0.05002850993859744
2023-12-15,0.0004876281581186346,0.0005907311278080498,0.034543578721124076,0.011046672090010532,0.04559025081113461
2023-12-16,0.000922672944395654,0.0012711434331052949,0.06536215138098814,0.023770382199069018,0.08913253358005715
2023-12-17,0.0006146950914535221,0.0007921993747167366,0.04354500027856751,0.014814128307202978,0.058359128585770484
2023-12-18,0.0006209105547612846,0.000799782309228034,0.0439853036992894,0.014955929182564238,0.05894123288185364
2023-12-19,0.000998205591286015,0.0013685556192522157,0.0707128840867013,0.025591990080016436,0.09630487416671774
2023-12-20,0.00048517286877288634,0.0005871924063010341,0.03436964602387127,0.010980497997829339,0.04535014402170061
2023-12-21,0.0004550291977261384,0.0005444574553802035,0.032234268366919644,0.010181354415609807,0.04241562278252945
2023-12-22,0.00048329039969678553,0.0005809234845720607,0.03423629191452029,0.010863269161497536,0.04509956107601783
2023-12-23,0.0004328253546813796,0.0005140487851142348,0.030661348125628932,0.009612712281636192,0.040274060407265125
2023-12-24,0.0005399324804214968,0.0006539752197391919,0.038248816913058835,0.01222933660912289,0.050478153522181726
2023-12-25,0.0006427025684881437,0.0007881971454871437,0.0455290499517001,0.01473928662060959,0.06026833657230969
2023-12-26,0.0005879782146368787,0.0007156956659899236,0.04165237672487648,0.013383508954011573,0.05503588567888806
2023-12-27,0.000539855322511825,0.0006518468550242175,0.038243351046737685,0.01218953618895287,0.05043288723569055
2023-12-28,0.00046332597738073494,0.0005507030282294976,0.032822012237651264,0.010298146627891606,0.04312015886554287
2023-12-29,0.0005946885403442053,0.0007224059916972503,0.042127736197983504,0.013508992044738584,0.05563672824272209
2023-12-30,0.0006029069622861796,0.0007427003394365752,0.04270992920835297,0.013888496347463959,0.05659842555581693
2023-12-31,0.000505259234670487,0.0006035760551475296,0.0357925641840573,0.011286872231258805,0.04707943641531611
